key,view_id
1aja_A,0
1aja_A,1
1aja_A,2
1aja_A,3
1aja_A,4
1aja_A,5
1aja_A,6
1aja_A,7
1aja_A,8
1aja_A,9
1aja_A,10
1aja_A,11
1aja_A,12
1aja_A,13
1aja_A,14
1aja_A,15
1aja_A,16
1aja_A,17
1aja_A,18
1aja_A,19
1aja_A,20
1aja_A,21
1aja_A,22
1aja_A,23
1aja_A,24
1aja_A,25
1aja_A,26
1aja_A,27
1aja_A,28
1aja_A,29
1aja_A,30
1aja_A,31
1ajb_A,0
1ajb_A,1
1ajb_A,2
1ajb_A,3
1ajb_A,4
1ajb_A,5
1ajb_A,6
1ajb_A,7
1ajb_A,8
1ajb_A,9
1ajb_A,10
1ajb_A,11
1ajb_A,12
1ajb_A,13
1ajb_A,14
1ajb_A,15
1ajb_A,16
1ajb_A,17
1ajb_A,18
1ajb_A,19
1ajb_A,20
1ajb_A,21
1ajb_A,22
1ajb_A,23
1ajb_A,24
1ajb_A,25
1ajb_A,26
1ajb_A,27
1ajb_A,28
1ajb_A,29
1ajb_A,30
1ajb_A,31
1ajc_A,0
1ajc_A,1
1ajc_A,2
1ajc_A,3
1ajc_A,4
1ajc_A,5
1ajc_A,6
1ajc_A,7
1ajc_A,8
1ajc_A,9
1ajc_A,10
1ajc_A,11
1ajc_A,12
1ajc_A,13
1ajc_A,14
1ajc_A,15
1ajc_A,16
1ajc_A,17
1ajc_A,18
1ajc_A,19
1ajc_A,20
1ajc_A,21
1ajc_A,22
1ajc_A,23
1ajc_A,24
1ajc_A,25
1ajc_A,26
1ajc_A,27
1ajc_A,28
1ajc_A,29
1ajc_A,30
1ajc_A,31
1ajd_A,0
1ajd_A,1
1ajd_A,2
1ajd_A,3
1ajd_A,4
1ajd_A,5
1ajd_A,6
1ajd_A,7
1ajd_A,8
1ajd_A,9
1ajd_A,10
1ajd_A,11
1ajd_A,12
1ajd_A,13
1ajd_A,14
1ajd_A,15
1ajd_A,16
1ajd_A,17
1ajd_A,18
1ajd_A,19
1ajd_A,20
1ajd_A,21
1ajd_A,22
1ajd_A,23
1ajd_A,24
1ajd_A,25
1ajd_A,26
1ajd_A,27
1ajd_A,28
1ajd_A,29
1ajd_A,30
1ajd_A,31
1ali_A,0
1ali_A,1
1ali_A,2
1ali_A,3
1ali_A,4
1ali_A,5
1ali_A,6
1ali_A,7
1ali_A,8
1ali_A,9
1ali_A,10
1ali_A,11
1ali_A,12
1ali_A,13
1ali_A,14
1ali_A,15
1ali_A,16
1ali_A,17
1ali_A,18
1ali_A,19
1ali_A,20
1ali_A,21
1ali_A,22
1ali_A,23
1ali_A,24
1ali_A,25
1ali_A,26
1ali_A,27
1ali_A,28
1ali_A,29
1ali_A,30
1ali_A,31
1alj_A,0
1alj_A,1
1alj_A,2
1alj_A,3
1alj_A,4
1alj_A,5
1alj_A,6
1alj_A,7
1alj_A,8
1alj_A,9
1alj_A,10
1alj_A,11
1alj_A,12
1alj_A,13
1alj_A,14
1alj_A,15
1alj_A,16
1alj_A,17
1alj_A,18
1alj_A,19
1alj_A,20
1alj_A,21
1alj_A,22
1alj_A,23
1alj_A,24
1alj_A,25
1alj_A,26
1alj_A,27
1alj_A,28
1alj_A,29
1alj_A,30
1alj_A,31
1alk_A,0
1alk_A,1
1alk_A,2
1alk_A,3
1alk_A,4
1alk_A,5
1alk_A,6
1alk_A,7
1alk_A,8
1alk_A,9
1alk_A,10
1alk_A,11
1alk_A,12
1alk_A,13
1alk_A,14
1alk_A,15
1alk_A,16
1alk_A,17
1alk_A,18
1alk_A,19
1alk_A,20
1alk_A,21
1alk_A,22
1alk_A,23
1alk_A,24
1alk_A,25
1alk_A,26
1alk_A,27
1alk_A,28
1alk_A,29
1alk_A,30
1alk_A,31
1ani_A,0
1ani_A,1
1ani_A,2
1ani_A,3
1ani_A,4
1ani_A,5
1ani_A,6
1ani_A,7
1ani_A,8
1ani_A,9
1ani_A,10
1ani_A,11
1ani_A,12
1ani_A,13
1ani_A,14
1ani_A,15
1ani_A,16
1ani_A,17
1ani_A,18
1ani_A,19
1ani_A,20
1ani_A,21
1ani_A,22
1ani_A,23
1ani_A,24
1ani_A,25
1ani_A,26
1ani_A,27
1ani_A,28
1ani_A,29
1ani_A,30
1ani_A,31
1anj_A,0
1anj_A,1
1anj_A,2
1anj_A,3
1anj_A,4
1anj_A,5
1anj_A,6
1anj_A,7
1anj_A,8
1anj_A,9
1anj_A,10
1anj_A,11
1anj_A,12
1anj_A,13
1anj_A,14
1anj_A,15
1anj_A,16
1anj_A,17
1anj_A,18
1anj_A,19
1anj_A,20
1anj_A,21
1anj_A,22
1anj_A,23
1anj_A,24
1anj_A,25
1anj_A,26
1anj_A,27
1anj_A,28
1anj_A,29
1anj_A,30
1anj_A,31
1auk_A,0
1auk_A,1
1auk_A,2
1auk_A,3
1auk_A,4
1auk_A,5
1auk_A,6
1auk_A,7
1auk_A,8
1auk_A,9
1auk_A,10
1auk_A,11
1auk_A,12
1auk_A,13
1auk_A,14
1auk_A,15
1auk_A,16
1auk_A,17
1auk_A,18
1auk_A,19
1auk_A,20
1auk_A,21
1auk_A,22
1auk_A,23
1auk_A,24
1auk_A,25
1auk_A,26
1auk_A,27
1auk_A,28
1auk_A,29
1auk_A,30
1auk_A,31
1b8j_A,0
1b8j_A,1
1b8j_A,2
1b8j_A,3
1b8j_A,4
1b8j_A,5
1b8j_A,6
1b8j_A,7
1b8j_A,8
1b8j_A,9
1b8j_A,10
1b8j_A,11
1b8j_A,12
1b8j_A,13
1b8j_A,14
1b8j_A,15
1b8j_A,16
1b8j_A,17
1b8j_A,18
1b8j_A,19
1b8j_A,20
1b8j_A,21
1b8j_A,22
1b8j_A,23
1b8j_A,24
1b8j_A,25
1b8j_A,26
1b8j_A,27
1b8j_A,28
1b8j_A,29
1b8j_A,30
1b8j_A,31
1by7_A,0
1by7_A,1
1by7_A,2
1by7_A,3
1by7_A,4
1by7_A,5
1by7_A,6
1by7_A,7
1by7_A,8
1by7_A,9
1by7_A,10
1by7_A,11
1by7_A,12
1by7_A,13
1by7_A,14
1by7_A,15
1by7_A,16
1by7_A,17
1by7_A,18
1by7_A,19
1by7_A,20
1by7_A,21
1by7_A,22
1by7_A,23
1by7_A,24
1by7_A,25
1by7_A,26
1by7_A,27
1by7_A,28
1by7_A,29
1by7_A,30
1by7_A,31
1cmx_A,0
1cmx_A,1
1cmx_A,2
1cmx_A,3
1cmx_A,4
1cmx_A,5
1cmx_A,6
1cmx_A,7
1cmx_A,8
1cmx_A,9
1cmx_A,10
1cmx_A,11
1cmx_A,12
1cmx_A,13
1cmx_A,14
1cmx_A,15
1cmx_A,16
1cmx_A,17
1cmx_A,18
1cmx_A,19
1cmx_A,20
1cmx_A,21
1cmx_A,22
1cmx_A,23
1cmx_A,24
1cmx_A,25
1cmx_A,26
1cmx_A,27
1cmx_A,28
1cmx_A,29
1cmx_A,30
1cmx_A,31
1cng_A,0
1cng_A,1
1cng_A,2
1cng_A,3
1cng_A,4
1cng_A,5
1cng_A,6
1cng_A,7
1cng_A,8
1cng_A,9
1cng_A,10
1cng_A,11
1cng_A,12
1cng_A,13
1cng_A,14
1cng_A,15
1cng_A,16
1cng_A,17
1cng_A,18
1cng_A,19
1cng_A,20
1cng_A,21
1cng_A,22
1cng_A,23
1cng_A,24
1cng_A,25
1cng_A,26
1cng_A,27
1cng_A,28
1cng_A,29
1cng_A,30
1cng_A,31
1cnh_A,0
1cnh_A,1
1cnh_A,2
1cnh_A,3
1cnh_A,4
1cnh_A,5
1cnh_A,6
1cnh_A,7
1cnh_A,8
1cnh_A,9
1cnh_A,10
1cnh_A,11
1cnh_A,12
1cnh_A,13
1cnh_A,14
1cnh_A,15
1cnh_A,16
1cnh_A,17
1cnh_A,18
1cnh_A,19
1cnh_A,20
1cnh_A,21
1cnh_A,22
1cnh_A,23
1cnh_A,24
1cnh_A,25
1cnh_A,26
1cnh_A,27
1cnh_A,28
1cnh_A,29
1cnh_A,30
1cnh_A,31
1cvf_A,0
1cvf_A,1
1cvf_A,2
1cvf_A,3
1cvf_A,4
1cvf_A,5
1cvf_A,6
1cvf_A,7
1cvf_A,8
1cvf_A,9
1cvf_A,10
1cvf_A,11
1cvf_A,12
1cvf_A,13
1cvf_A,14
1cvf_A,15
1cvf_A,16
1cvf_A,17
1cvf_A,18
1cvf_A,19
1cvf_A,20
1cvf_A,21
1cvf_A,22
1cvf_A,23
1cvf_A,24
1cvf_A,25
1cvf_A,26
1cvf_A,27
1cvf_A,28
1cvf_A,29
1cvf_A,30
1cvf_A,31
1e1z_P,0
1e1z_P,1
1e1z_P,2
1e1z_P,3
1e1z_P,4
1e1z_P,5
1e1z_P,6
1e1z_P,7
1e1z_P,8
1e1z_P,9
1e1z_P,10
1e1z_P,11
1e1z_P,12
1e1z_P,13
1e1z_P,14
1e1z_P,15
1e1z_P,16
1e1z_P,17
1e1z_P,18
1e1z_P,19
1e1z_P,20
1e1z_P,21
1e1z_P,22
1e1z_P,23
1e1z_P,24
1e1z_P,25
1e1z_P,26
1e1z_P,27
1e1z_P,28
1e1z_P,29
1e1z_P,30
1e1z_P,31
1e2h_A,0
1e2h_A,1
1e2h_A,2
1e2h_A,3
1e2h_A,4
1e2h_A,5
1e2h_A,6
1e2h_A,7
1e2h_A,8
1e2h_A,9
1e2h_A,10
1e2h_A,11
1e2h_A,12
1e2h_A,13
1e2h_A,14
1e2h_A,15
1e2h_A,16
1e2h_A,17
1e2h_A,18
1e2h_A,19
1e2h_A,20
1e2h_A,21
1e2h_A,22
1e2h_A,23
1e2h_A,24
1e2h_A,25
1e2h_A,26
1e2h_A,27
1e2h_A,28
1e2h_A,29
1e2h_A,30
1e2h_A,31
1e2i_A,0
1e2i_A,1
1e2i_A,2
1e2i_A,3
1e2i_A,4
1e2i_A,5
1e2i_A,6
1e2i_A,7
1e2i_A,8
1e2i_A,9
1e2i_A,10
1e2i_A,11
1e2i_A,12
1e2i_A,13
1e2i_A,14
1e2i_A,15
1e2i_A,16
1e2i_A,17
1e2i_A,18
1e2i_A,19
1e2i_A,20
1e2i_A,21
1e2i_A,22
1e2i_A,23
1e2i_A,24
1e2i_A,25
1e2i_A,26
1e2i_A,27
1e2i_A,28
1e2i_A,29
1e2i_A,30
1e2i_A,31
1e2j_A,0
1e2j_A,1
1e2j_A,2
1e2j_A,3
1e2j_A,4
1e2j_A,5
1e2j_A,6
1e2j_A,7
1e2j_A,8
1e2j_A,9
1e2j_A,10
1e2j_A,11
1e2j_A,12
1e2j_A,13
1e2j_A,14
1e2j_A,15
1e2j_A,16
1e2j_A,17
1e2j_A,18
1e2j_A,19
1e2j_A,20
1e2j_A,21
1e2j_A,22
1e2j_A,23
1e2j_A,24
1e2j_A,25
1e2j_A,26
1e2j_A,27
1e2j_A,28
1e2j_A,29
1e2j_A,30
1e2j_A,31
2gsu_A,0
2gsu_A,1
2gsu_A,2
2gsu_A,3
2gsu_A,4
2gsu_A,5
2gsu_A,6
2gsu_A,7
2gsu_A,8
2gsu_A,9
2gsu_A,10
2gsu_A,11
2gsu_A,12
2gsu_A,13
2gsu_A,14
2gsu_A,15
2gsu_A,16
2gsu_A,17
2gsu_A,18
2gsu_A,19
2gsu_A,20
2gsu_A,21
2gsu_A,22
2gsu_A,23
2gsu_A,24
2gsu_A,25
2gsu_A,26
2gsu_A,27
2gsu_A,28
2gsu_A,29
2gsu_A,30
2gsu_A,31
2ha8_A,0
2ha8_A,1
2ha8_A,2
2ha8_A,3
2ha8_A,4
2ha8_A,5
2ha8_A,6
2ha8_A,7
2ha8_A,8
2ha8_A,9
2ha8_A,10
2ha8_A,11
2ha8_A,12
2ha8_A,13
2ha8_A,14
2ha8_A,15
2ha8_A,16
2ha8_A,17
2ha8_A,18
2ha8_A,19
2ha8_A,20
2ha8_A,21
2ha8_A,22
2ha8_A,23
2ha8_A,24
2ha8_A,25
2ha8_A,26
2ha8_A,27
2ha8_A,28
2ha8_A,29
2ha8_A,30
2ha8_A,31
2hfy_A,0
2hfy_A,1
2hfy_A,2
2hfy_A,3
2hfy_A,4
2hfy_A,5
2hfy_A,6
2hfy_A,7
2hfy_A,8
2hfy_A,9
2hfy_A,10
2hfy_A,11
2hfy_A,12
2hfy_A,13
2hfy_A,14
2hfy_A,15
2hfy_A,16
2hfy_A,17
2hfy_A,18
2hfy_A,19
2hfy_A,20
2hfy_A,21
2hfy_A,22
2hfy_A,23
2hfy_A,24
2hfy_A,25
2hfy_A,26
2hfy_A,27
2hfy_A,28
2hfy_A,29
2hfy_A,30
2hfy_A,31
2hjn_A,0
2hjn_A,1
2hjn_A,2
2hjn_A,3
2hjn_A,4
2hjn_A,5
2hjn_A,6
2hjn_A,7
2hjn_A,8
2hjn_A,9
2hjn_A,10
2hjn_A,11
2hjn_A,12
2hjn_A,13
2hjn_A,14
2hjn_A,15
2hjn_A,16
2hjn_A,17
2hjn_A,18
2hjn_A,19
2hjn_A,20
2hjn_A,21
2hjn_A,22
2hjn_A,23
2hjn_A,24
2hjn_A,25
2hjn_A,26
2hjn_A,27
2hjn_A,28
2hjn_A,29
2hjn_A,30
2hjn_A,31
2i6d_A,0
2i6d_A,1
2i6d_A,2
2i6d_A,3
2i6d_A,4
2i6d_A,5
2i6d_A,6
2i6d_A,7
2i6d_A,8
2i6d_A,9
2i6d_A,10
2i6d_A,11
2i6d_A,12
2i6d_A,13
2i6d_A,14
2i6d_A,15
2i6d_A,16
2i6d_A,17
2i6d_A,18
2i6d_A,19
2i6d_A,20
2i6d_A,21
2i6d_A,22
2i6d_A,23
2i6d_A,24
2i6d_A,25
2i6d_A,26
2i6d_A,27
2i6d_A,28
2i6d_A,29
2i6d_A,30
2i6d_A,31
2ify_A,0
2ify_A,1
2ify_A,2
2ify_A,3
2ify_A,4
2ify_A,5
2ify_A,6
2ify_A,7
2ify_A,8
2ify_A,9
2ify_A,10
2ify_A,11
2ify_A,12
2ify_A,13
2ify_A,14
2ify_A,15
2ify_A,16
2ify_A,17
2ify_A,18
2ify_A,19
2ify_A,20
2ify_A,21
2ify_A,22
2ify_A,23
2ify_A,24
2ify_A,25
2ify_A,26
2ify_A,27
2ify_A,28
2ify_A,29
2ify_A,30
2ify_A,31
2iuc_A,0
2iuc_A,1
2iuc_A,2
2iuc_A,3
2iuc_A,4
2iuc_A,5
2iuc_A,6
2iuc_A,7
2iuc_A,8
2iuc_A,9
2iuc_A,10
2iuc_A,11
2iuc_A,12
2iuc_A,13
2iuc_A,14
2iuc_A,15
2iuc_A,16
2iuc_A,17
2iuc_A,18
2iuc_A,19
2iuc_A,20
2iuc_A,21
2iuc_A,22
2iuc_A,23
2iuc_A,24
2iuc_A,25
2iuc_A,26
2iuc_A,27
2iuc_A,28
2iuc_A,29
2iuc_A,30
2iuc_A,31
2iuc_B,0
2iuc_B,1
2iuc_B,2
2iuc_B,3
2iuc_B,4
2iuc_B,5
2iuc_B,6
2iuc_B,7
2iuc_B,8
2iuc_B,9
2iuc_B,10
2iuc_B,11
2iuc_B,12
2iuc_B,13
2iuc_B,14
2iuc_B,15
2iuc_B,16
2iuc_B,17
2iuc_B,18
2iuc_B,19
2iuc_B,20
2iuc_B,21
2iuc_B,22
2iuc_B,23
2iuc_B,24
2iuc_B,25
2iuc_B,26
2iuc_B,27
2iuc_B,28
2iuc_B,29
2iuc_B,30
2iuc_B,31
2j6b_A,0
2j6b_A,1
2j6b_A,2
2j6b_A,3
2j6b_A,4
2j6b_A,5
2j6b_A,6
2j6b_A,7
2j6b_A,8
2j6b_A,9
2j6b_A,10
2j6b_A,11
2j6b_A,12
2j6b_A,13
2j6b_A,14
2j6b_A,15
2j6b_A,16
2j6b_A,17
2j6b_A,18
2j6b_A,19
2j6b_A,20
2j6b_A,21
2j6b_A,22
2j6b_A,23
2j6b_A,24
2j6b_A,25
2j6b_A,26
2j6b_A,27
2j6b_A,28
2j6b_A,29
2j6b_A,30
2j6b_A,31
2j6c_A,0
2j6c_A,1
2j6c_A,2
2j6c_A,3
2j6c_A,4
2j6c_A,5
2j6c_A,6
2j6c_A,7
2j6c_A,8
2j6c_A,9
2j6c_A,10
2j6c_A,11
2j6c_A,12
2j6c_A,13
2j6c_A,14
2j6c_A,15
2j6c_A,16
2j6c_A,17
2j6c_A,18
2j6c_A,19
2j6c_A,20
2j6c_A,21
2j6c_A,22
2j6c_A,23
2j6c_A,24
2j6c_A,25
2j6c_A,26
2j6c_A,27
2j6c_A,28
2j6c_A,29
2j6c_A,30
2j6c_A,31
2j85_A,0
2j85_A,1
2j85_A,2
2j85_A,3
2j85_A,4
2j85_A,5
2j85_A,6
2j85_A,7
2j85_A,8
2j85_A,9
2j85_A,10
2j85_A,11
2j85_A,12
2j85_A,13
2j85_A,14
2j85_A,15
2j85_A,16
2j85_A,17
2j85_A,18
2j85_A,19
2j85_A,20
2j85_A,21
2j85_A,22
2j85_A,23
2j85_A,24
2j85_A,25
2j85_A,26
2j85_A,27
2j85_A,28
2j85_A,29
2j85_A,30
2j85_A,31
2jln_A,0
2jln_A,1
2jln_A,2
2jln_A,3
2jln_A,4
2jln_A,5
2jln_A,6
2jln_A,7
2jln_A,8
2jln_A,9
2jln_A,10
2jln_A,11
2jln_A,12
2jln_A,13
2jln_A,14
2jln_A,15
2jln_A,16
2jln_A,17
2jln_A,18
2jln_A,19
2jln_A,20
2jln_A,21
2jln_A,22
2jln_A,23
2jln_A,24
2jln_A,25
2jln_A,26
2jln_A,27
2jln_A,28
2jln_A,29
2jln_A,30
2jln_A,31
2jlo_A,0
2jlo_A,1
2jlo_A,2
2jlo_A,3
2jlo_A,4
2jlo_A,5
2jlo_A,6
2jlo_A,7
2jlo_A,8
2jlo_A,9
2jlo_A,10
2jlo_A,11
2jlo_A,12
2jlo_A,13
2jlo_A,14
2jlo_A,15
2jlo_A,16
2jlo_A,17
2jlo_A,18
2jlo_A,19
2jlo_A,20
2jlo_A,21
2jlo_A,22
2jlo_A,23
2jlo_A,24
2jlo_A,25
2jlo_A,26
2jlo_A,27
2jlo_A,28
2jlo_A,29
2jlo_A,30
2jlo_A,31
2k0a_A,0
2k0a_A,1
2k0a_A,2
2k0a_A,3
2k0a_A,4
2k0a_A,5
2k0a_A,6
2k0a_A,7
2k0a_A,8
2k0a_A,9
2k0a_A,10
2k0a_A,11
2k0a_A,12
2k0a_A,13
2k0a_A,14
2k0a_A,15
2k0a_A,16
2k0a_A,17
2k0a_A,18
2k0a_A,19
2k0a_A,20
2k0a_A,21
2k0a_A,22
2k0a_A,23
2k0a_A,24
2k0a_A,25
2k0a_A,26
2k0a_A,27
2k0a_A,28
2k0a_A,29
2k0a_A,30
2k0a_A,31
2ki5_A,0
2ki5_A,1
2ki5_A,2
2ki5_A,3
2ki5_A,4
2ki5_A,5
2ki5_A,6
2ki5_A,7
2ki5_A,8
2ki5_A,9
2ki5_A,10
2ki5_A,11
2ki5_A,12
2ki5_A,13
2ki5_A,14
2ki5_A,15
2ki5_A,16
2ki5_A,17
2ki5_A,18
2ki5_A,19
2ki5_A,20
2ki5_A,21
2ki5_A,22
2ki5_A,23
2ki5_A,24
2ki5_A,25
2ki5_A,26
2ki5_A,27
2ki5_A,28
2ki5_A,29
2ki5_A,30
2ki5_A,31
2len_A,0
2len_A,1
2len_A,2
2len_A,3
2len_A,4
2len_A,5
2len_A,6
2len_A,7
2len_A,8
2len_A,9
2len_A,10
2len_A,11
2len_A,12
2len_A,13
2len_A,14
2len_A,15
2len_A,16
2len_A,17
2len_A,18
2len_A,19
2len_A,20
2len_A,21
2len_A,22
2len_A,23
2len_A,24
2len_A,25
2len_A,26
2len_A,27
2len_A,28
2len_A,29
2len_A,30
2len_A,31
2m9p_A,0
2m9p_A,1
2m9p_A,2
2m9p_A,3
2m9p_A,4
2m9p_A,5
2m9p_A,6
2m9p_A,7
2m9p_A,8
2m9p_A,9
2m9p_A,10
2m9p_A,11
2m9p_A,12
2m9p_A,13
2m9p_A,14
2m9p_A,15
2m9p_A,16
2m9p_A,17
2m9p_A,18
2m9p_A,19
2m9p_A,20
2m9p_A,21
2m9p_A,22
2m9p_A,23
2m9p_A,24
2m9p_A,25
2m9p_A,26
2m9p_A,27
2m9p_A,28
2m9p_A,29
2m9p_A,30
2m9p_A,31
2m9q_A,0
2m9q_A,1
2m9q_A,2
2m9q_A,3
2m9q_A,4
2m9q_A,5
2m9q_A,6
2m9q_A,7
2m9q_A,8
2m9q_A,9
2m9q_A,10
2m9q_A,11
2m9q_A,12
2m9q_A,13
2m9q_A,14
2m9q_A,15
2m9q_A,16
2m9q_A,17
2m9q_A,18
2m9q_A,19
2m9q_A,20
2m9q_A,21
2m9q_A,22
2m9q_A,23
2m9q_A,24
2m9q_A,25
2m9q_A,26
2m9q_A,27
2m9q_A,28
2m9q_A,29
2m9q_A,30
2m9q_A,31
2nwl_A,0
2nwl_A,1
2nwl_A,2
2nwl_A,3
2nwl_A,4
2nwl_A,5
2nwl_A,6
2nwl_A,7
2nwl_A,8
2nwl_A,9
2nwl_A,10
2nwl_A,11
2nwl_A,12
2nwl_A,13
2nwl_A,14
2nwl_A,15
2nwl_A,16
2nwl_A,17
2nwl_A,18
2nwl_A,19
2nwl_A,20
2nwl_A,21
2nwl_A,22
2nwl_A,23
2nwl_A,24
2nwl_A,25
2nwl_A,26
2nwl_A,27
2nwl_A,28
2nwl_A,29
2nwl_A,30
2nwl_A,31
2nww_A,0
2nww_A,1
2nww_A,2
2nww_A,3
2nww_A,4
2nww_A,5
2nww_A,6
2nww_A,7
2nww_A,8
2nww_A,9
2nww_A,10
2nww_A,11
2nww_A,12
2nww_A,13
2nww_A,14
2nww_A,15
2nww_A,16
2nww_A,17
2nww_A,18
2nww_A,19
2nww_A,20
2nww_A,21
2nww_A,22
2nww_A,23
2nww_A,24
2nww_A,25
2nww_A,26
2nww_A,27
2nww_A,28
2nww_A,29
2nww_A,30
2nww_A,31
1e2k_A,0
1e2k_A,1
1e2k_A,2
1e2k_A,3
1e2k_A,4
1e2k_A,5
1e2k_A,6
1e2k_A,7
1e2k_A,8
1e2k_A,9
1e2k_A,10
1e2k_A,11
1e2k_A,12
1e2k_A,13
1e2k_A,14
1e2k_A,15
1e2k_A,16
1e2k_A,17
1e2k_A,18
1e2k_A,19
1e2k_A,20
1e2k_A,21
1e2k_A,22
1e2k_A,23
1e2k_A,24
1e2k_A,25
1e2k_A,26
1e2k_A,27
1e2k_A,28
1e2k_A,29
1e2k_A,30
1e2k_A,31
1e2l_A,0
1e2l_A,1
1e2l_A,2
1e2l_A,3
1e2l_A,4
1e2l_A,5
1e2l_A,6
1e2l_A,7
1e2l_A,8
1e2l_A,9
1e2l_A,10
1e2l_A,11
1e2l_A,12
1e2l_A,13
1e2l_A,14
1e2l_A,15
1e2l_A,16
1e2l_A,17
1e2l_A,18
1e2l_A,19
1e2l_A,20
1e2l_A,21
1e2l_A,22
1e2l_A,23
1e2l_A,24
1e2l_A,25
1e2l_A,26
1e2l_A,27
1e2l_A,28
1e2l_A,29
1e2l_A,30
1e2l_A,31
1e2m_A,0
1e2m_A,1
1e2m_A,2
1e2m_A,3
1e2m_A,4
1e2m_A,5
1e2m_A,6
1e2m_A,7
1e2m_A,8
1e2m_A,9
1e2m_A,10
1e2m_A,11
1e2m_A,12
1e2m_A,13
1e2m_A,14
1e2m_A,15
1e2m_A,16
1e2m_A,17
1e2m_A,18
1e2m_A,19
1e2m_A,20
1e2m_A,21
1e2m_A,22
1e2m_A,23
1e2m_A,24
1e2m_A,25
1e2m_A,26
1e2m_A,27
1e2m_A,28
1e2m_A,29
1e2m_A,30
1e2m_A,31
1e2n_A,0
1e2n_A,1
1e2n_A,2
1e2n_A,3
1e2n_A,4
1e2n_A,5
1e2n_A,6
1e2n_A,7
1e2n_A,8
1e2n_A,9
1e2n_A,10
1e2n_A,11
1e2n_A,12
1e2n_A,13
1e2n_A,14
1e2n_A,15
1e2n_A,16
1e2n_A,17
1e2n_A,18
1e2n_A,19
1e2n_A,20
1e2n_A,21
1e2n_A,22
1e2n_A,23
1e2n_A,24
1e2n_A,25
1e2n_A,26
1e2n_A,27
1e2n_A,28
1e2n_A,29
1e2n_A,30
1e2n_A,31
1e2p_A,0
1e2p_A,1
1e2p_A,2
1e2p_A,3
1e2p_A,4
1e2p_A,5
1e2p_A,6
1e2p_A,7
1e2p_A,8
1e2p_A,9
1e2p_A,10
1e2p_A,11
1e2p_A,12
1e2p_A,13
1e2p_A,14
1e2p_A,15
1e2p_A,16
1e2p_A,17
1e2p_A,18
1e2p_A,19
1e2p_A,20
1e2p_A,21
1e2p_A,22
1e2p_A,23
1e2p_A,24
1e2p_A,25
1e2p_A,26
1e2p_A,27
1e2p_A,28
1e2p_A,29
1e2p_A,30
1e2p_A,31
1e2s_P,0
1e2s_P,1
1e2s_P,2
1e2s_P,3
1e2s_P,4
1e2s_P,5
1e2s_P,6
1e2s_P,7
1e2s_P,8
1e2s_P,9
1e2s_P,10
1e2s_P,11
1e2s_P,12
1e2s_P,13
1e2s_P,14
1e2s_P,15
1e2s_P,16
1e2s_P,17
1e2s_P,18
1e2s_P,19
1e2s_P,20
1e2s_P,21
1e2s_P,22
1e2s_P,23
1e2s_P,24
1e2s_P,25
1e2s_P,26
1e2s_P,27
1e2s_P,28
1e2s_P,29
1e2s_P,30
1e2s_P,31
1e33_P,0
1e33_P,1
1e33_P,2
1e33_P,3
1e33_P,4
1e33_P,5
1e33_P,6
1e33_P,7
1e33_P,8
1e33_P,9
1e33_P,10
1e33_P,11
1e33_P,12
1e33_P,13
1e33_P,14
1e33_P,15
1e33_P,16
1e33_P,17
1e33_P,18
1e33_P,19
1e33_P,20
1e33_P,21
1e33_P,22
1e33_P,23
1e33_P,24
1e33_P,25
1e33_P,26
1e33_P,27
1e33_P,28
1e33_P,29
1e33_P,30
1e33_P,31
1e3c_P,0
1e3c_P,1
1e3c_P,2
1e3c_P,3
1e3c_P,4
1e3c_P,5
1e3c_P,6
1e3c_P,7
1e3c_P,8
1e3c_P,9
1e3c_P,10
1e3c_P,11
1e3c_P,12
1e3c_P,13
1e3c_P,14
1e3c_P,15
1e3c_P,16
1e3c_P,17
1e3c_P,18
1e3c_P,19
1e3c_P,20
1e3c_P,21
1e3c_P,22
1e3c_P,23
1e3c_P,24
1e3c_P,25
1e3c_P,26
1e3c_P,27
1e3c_P,28
1e3c_P,29
1e3c_P,30
1e3c_P,31
1ed8_A,0
1ed8_A,1
1ed8_A,2
1ed8_A,3
1ed8_A,4
1ed8_A,5
1ed8_A,6
1ed8_A,7
1ed8_A,8
1ed8_A,9
1ed8_A,10
1ed8_A,11
1ed8_A,12
1ed8_A,13
1ed8_A,14
1ed8_A,15
1ed8_A,16
1ed8_A,17
1ed8_A,18
1ed8_A,19
1ed8_A,20
1ed8_A,21
1ed8_A,22
1ed8_A,23
1ed8_A,24
1ed8_A,25
1ed8_A,26
1ed8_A,27
1ed8_A,28
1ed8_A,29
1ed8_A,30
1ed8_A,31
1ed9_A,0
1ed9_A,1
1ed9_A,2
1ed9_A,3
1ed9_A,4
1ed9_A,5
1ed9_A,6
1ed9_A,7
1ed9_A,8
1ed9_A,9
1ed9_A,10
1ed9_A,11
1ed9_A,12
1ed9_A,13
1ed9_A,14
1ed9_A,15
1ed9_A,16
1ed9_A,17
1ed9_A,18
1ed9_A,19
1ed9_A,20
1ed9_A,21
1ed9_A,22
1ed9_A,23
1ed9_A,24
1ed9_A,25
1ed9_A,26
1ed9_A,27
1ed9_A,28
1ed9_A,29
1ed9_A,30
1ed9_A,31
1ei6_A,0
1ei6_A,1
1ei6_A,2
1ei6_A,3
1ei6_A,4
1ei6_A,5
1ei6_A,6
1ei6_A,7
1ei6_A,8
1ei6_A,9
1ei6_A,10
1ei6_A,11
1ei6_A,12
1ei6_A,13
1ei6_A,14
1ei6_A,15
1ei6_A,16
1ei6_A,17
1ei6_A,18
1ei6_A,19
1ei6_A,20
1ei6_A,21
1ei6_A,22
1ei6_A,23
1ei6_A,24
1ei6_A,25
1ei6_A,26
1ei6_A,27
1ei6_A,28
1ei6_A,29
1ei6_A,30
1ei6_A,31
1ejj_A,0
1ejj_A,1
1ejj_A,2
1ejj_A,3
1ejj_A,4
1ejj_A,5
1ejj_A,6
1ejj_A,7
1ejj_A,8
1ejj_A,9
1ejj_A,10
1ejj_A,11
1ejj_A,12
1ejj_A,13
1ejj_A,14
1ejj_A,15
1ejj_A,16
1ejj_A,17
1ejj_A,18
1ejj_A,19
1ejj_A,20
1ejj_A,21
1ejj_A,22
1ejj_A,23
1ejj_A,24
1ejj_A,25
1ejj_A,26
1ejj_A,27
1ejj_A,28
1ejj_A,29
1ejj_A,30
1ejj_A,31
1elx_A,0
1elx_A,1
1elx_A,2
1elx_A,3
1elx_A,4
1elx_A,5
1elx_A,6
1elx_A,7
1elx_A,8
1elx_A,9
1elx_A,10
1elx_A,11
1elx_A,12
1elx_A,13
1elx_A,14
1elx_A,15
1elx_A,16
1elx_A,17
1elx_A,18
1elx_A,19
1elx_A,20
1elx_A,21
1elx_A,22
1elx_A,23
1elx_A,24
1elx_A,25
1elx_A,26
1elx_A,27
1elx_A,28
1elx_A,29
1elx_A,30
1elx_A,31
1ely_A,0
1ely_A,1
1ely_A,2
1ely_A,3
1ely_A,4
1ely_A,5
1ely_A,6
1ely_A,7
1ely_A,8
1ely_A,9
1ely_A,10
1ely_A,11
1ely_A,12
1ely_A,13
1ely_A,14
1ely_A,15
1ely_A,16
1ely_A,17
1ely_A,18
1ely_A,19
1ely_A,20
1ely_A,21
1ely_A,22
1ely_A,23
1ely_A,24
1ely_A,25
1ely_A,26
1ely_A,27
1ely_A,28
1ely_A,29
1ely_A,30
1ely_A,31
1elz_A,0
1elz_A,1
1elz_A,2
1elz_A,3
1elz_A,4
1elz_A,5
1elz_A,6
1elz_A,7
1elz_A,8
1elz_A,9
1elz_A,10
1elz_A,11
1elz_A,12
1elz_A,13
1elz_A,14
1elz_A,15
1elz_A,16
1elz_A,17
1elz_A,18
1elz_A,19
1elz_A,20
1elz_A,21
1elz_A,22
1elz_A,23
1elz_A,24
1elz_A,25
1elz_A,26
1elz_A,27
1elz_A,28
1elz_A,29
1elz_A,30
1elz_A,31
1eqj_A,0
1eqj_A,1
1eqj_A,2
1eqj_A,3
1eqj_A,4
1eqj_A,5
1eqj_A,6
1eqj_A,7
1eqj_A,8
1eqj_A,9
1eqj_A,10
1eqj_A,11
1eqj_A,12
1eqj_A,13
1eqj_A,14
1eqj_A,15
1eqj_A,16
1eqj_A,17
1eqj_A,18
1eqj_A,19
1eqj_A,20
1eqj_A,21
1eqj_A,22
1eqj_A,23
1eqj_A,24
1eqj_A,25
1eqj_A,26
1eqj_A,27
1eqj_A,28
1eqj_A,29
1eqj_A,30
1eqj_A,31
1ew2_A,0
1ew2_A,1
1ew2_A,2
1ew2_A,3
1ew2_A,4
1ew2_A,5
1ew2_A,6
1ew2_A,7
1ew2_A,8
1ew2_A,9
1ew2_A,10
1ew2_A,11
1ew2_A,12
1ew2_A,13
1ew2_A,14
1ew2_A,15
1ew2_A,16
1ew2_A,17
1ew2_A,18
1ew2_A,19
1ew2_A,20
1ew2_A,21
1ew2_A,22
1ew2_A,23
1ew2_A,24
1ew2_A,25
1ew2_A,26
1ew2_A,27
1ew2_A,28
1ew2_A,29
1ew2_A,30
1ew2_A,31
1ew8_A,0
1ew8_A,1
1ew8_A,2
1ew8_A,3
1ew8_A,4
1ew8_A,5
1ew8_A,6
1ew8_A,7
1ew8_A,8
1ew8_A,9
1ew8_A,10
1ew8_A,11
1ew8_A,12
1ew8_A,13
1ew8_A,14
1ew8_A,15
1ew8_A,16
1ew8_A,17
1ew8_A,18
1ew8_A,19
1ew8_A,20
1ew8_A,21
1ew8_A,22
1ew8_A,23
1ew8_A,24
1ew8_A,25
1ew8_A,26
1ew8_A,27
1ew8_A,28
1ew8_A,29
1ew8_A,30
1ew8_A,31
1ew9_A,0
1ew9_A,1
1ew9_A,2
1ew9_A,3
1ew9_A,4
1ew9_A,5
1ew9_A,6
1ew9_A,7
1ew9_A,8
1ew9_A,9
1ew9_A,10
1ew9_A,11
1ew9_A,12
1ew9_A,13
1ew9_A,14
1ew9_A,15
1ew9_A,16
1ew9_A,17
1ew9_A,18
1ew9_A,19
1ew9_A,20
1ew9_A,21
1ew9_A,22
1ew9_A,23
1ew9_A,24
1ew9_A,25
1ew9_A,26
1ew9_A,27
1ew9_A,28
1ew9_A,29
1ew9_A,30
1ew9_A,31
1f48_A,0
1f48_A,1
1f48_A,2
1f48_A,3
1f48_A,4
1f48_A,5
1f48_A,6
1f48_A,7
1f48_A,8
1f48_A,9
1f48_A,10
1f48_A,11
1f48_A,12
1f48_A,13
1f48_A,14
1f48_A,15
1f48_A,16
1f48_A,17
1f48_A,18
1f48_A,19
1f48_A,20
1f48_A,21
1f48_A,22
1f48_A,23
1f48_A,24
1f48_A,25
1f48_A,26
1f48_A,27
1f48_A,28
1f48_A,29
1f48_A,30
1f48_A,31
1fqn_A,0
1fqn_A,1
1fqn_A,2
1fqn_A,3
1fqn_A,4
1fqn_A,5
1fqn_A,6
1fqn_A,7
1fqn_A,8
1fqn_A,9
1fqn_A,10
1fqn_A,11
1fqn_A,12
1fqn_A,13
1fqn_A,14
1fqn_A,15
1fqn_A,16
1fqn_A,17
1fqn_A,18
1fqn_A,19
1fqn_A,20
1fqn_A,21
1fqn_A,22
1fqn_A,23
1fqn_A,24
1fqn_A,25
1fqn_A,26
1fqn_A,27
1fqn_A,28
1fqn_A,29
1fqn_A,30
1fqn_A,31
1fsn_A,0
1fsn_A,1
1fsn_A,2
1fsn_A,3
1fsn_A,4
1fsn_A,5
1fsn_A,6
1fsn_A,7
1fsn_A,8
1fsn_A,9
1fsn_A,10
1fsn_A,11
1fsn_A,12
1fsn_A,13
1fsn_A,14
1fsn_A,15
1fsn_A,16
1fsn_A,17
1fsn_A,18
1fsn_A,19
1fsn_A,20
1fsn_A,21
1fsn_A,22
1fsn_A,23
1fsn_A,24
1fsn_A,25
1fsn_A,26
1fsn_A,27
1fsn_A,28
1fsn_A,29
1fsn_A,30
1fsn_A,31
1fsu_A,0
1fsu_A,1
1fsu_A,2
1fsu_A,3
1fsu_A,4
1fsu_A,5
1fsu_A,6
1fsu_A,7
1fsu_A,8
1fsu_A,9
1fsu_A,10
1fsu_A,11
1fsu_A,12
1fsu_A,13
1fsu_A,14
1fsu_A,15
1fsu_A,16
1fsu_A,17
1fsu_A,18
1fsu_A,19
1fsu_A,20
1fsu_A,21
1fsu_A,22
1fsu_A,23
1fsu_A,24
1fsu_A,25
1fsu_A,26
1fsu_A,27
1fsu_A,28
1fsu_A,29
1fsu_A,30
1fsu_A,31
1fug_A,0
1fug_A,1
1fug_A,2
1fug_A,3
1fug_A,4
1fug_A,5
1fug_A,6
1fug_A,7
1fug_A,8
1fug_A,9
1fug_A,10
1fug_A,11
1fug_A,12
1fug_A,13
1fug_A,14
1fug_A,15
1fug_A,16
1fug_A,17
1fug_A,18
1fug_A,19
1fug_A,20
1fug_A,21
1fug_A,22
1fug_A,23
1fug_A,24
1fug_A,25
1fug_A,26
1fug_A,27
1fug_A,28
1fug_A,29
1fug_A,30
1fug_A,31
1gq6_A,0
1gq6_A,1
1gq6_A,2
1gq6_A,3
1gq6_A,4
1gq6_A,5
1gq6_A,6
1gq6_A,7
1gq6_A,8
1gq6_A,9
1gq6_A,10
1gq6_A,11
1gq6_A,12
1gq6_A,13
1gq6_A,14
1gq6_A,15
1gq6_A,16
1gq6_A,17
1gq6_A,18
1gq6_A,19
1gq6_A,20
1gq6_A,21
1gq6_A,22
1gq6_A,23
1gq6_A,24
1gq6_A,25
1gq6_A,26
1gq6_A,27
1gq6_A,28
1gq6_A,29
1gq6_A,30
1gq6_A,31
1gq7_A,0
1gq7_A,1
1gq7_A,2
1gq7_A,3
1gq7_A,4
1gq7_A,5
1gq7_A,6
1gq7_A,7
1gq7_A,8
1gq7_A,9
1gq7_A,10
1gq7_A,11
1gq7_A,12
1gq7_A,13
1gq7_A,14
1gq7_A,15
1gq7_A,16
1gq7_A,17
1gq7_A,18
1gq7_A,19
1gq7_A,20
1gq7_A,21
1gq7_A,22
1gq7_A,23
1gq7_A,24
1gq7_A,25
1gq7_A,26
1gq7_A,27
1gq7_A,28
1gq7_A,29
1gq7_A,30
1gq7_A,31
1gv4_A,0
1gv4_A,1
1gv4_A,2
1gv4_A,3
1gv4_A,4
1gv4_A,5
1gv4_A,6
1gv4_A,7
1gv4_A,8
1gv4_A,9
1gv4_A,10
1gv4_A,11
1gv4_A,12
1gv4_A,13
1gv4_A,14
1gv4_A,15
1gv4_A,16
1gv4_A,17
1gv4_A,18
1gv4_A,19
1gv4_A,20
1gv4_A,21
1gv4_A,22
1gv4_A,23
1gv4_A,24
1gv4_A,25
1gv4_A,26
1gv4_A,27
1gv4_A,28
1gv4_A,29
1gv4_A,30
1gv4_A,31
1gz0_A,0
1gz0_A,1
1gz0_A,2
1gz0_A,3
1gz0_A,4
1gz0_A,5
1gz0_A,6
1gz0_A,7
1gz0_A,8
1gz0_A,9
1gz0_A,10
1gz0_A,11
1gz0_A,12
1gz0_A,13
1gz0_A,14
1gz0_A,15
1gz0_A,16
1gz0_A,17
1gz0_A,18
1gz0_A,19
1gz0_A,20
1gz0_A,21
1gz0_A,22
1gz0_A,23
1gz0_A,24
1gz0_A,25
1gz0_A,26
1gz0_A,27
1gz0_A,28
1gz0_A,29
1gz0_A,30
1gz0_A,31
1hdh_A,0
1hdh_A,1
1hdh_A,2
1hdh_A,3
1hdh_A,4
1hdh_A,5
1hdh_A,6
1hdh_A,7
1hdh_A,8
1hdh_A,9
1hdh_A,10
1hdh_A,11
1hdh_A,12
1hdh_A,13
1hdh_A,14
1hdh_A,15
1hdh_A,16
1hdh_A,17
1hdh_A,18
1hdh_A,19
1hdh_A,20
1hdh_A,21
1hdh_A,22
1hdh_A,23
1hdh_A,24
1hdh_A,25
1hdh_A,26
1hdh_A,27
1hdh_A,28
1hdh_A,29
1hdh_A,30
1hdh_A,31
1hjk_A,0
1hjk_A,1
1hjk_A,2
1hjk_A,3
1hjk_A,4
1hjk_A,5
1hjk_A,6
1hjk_A,7
1hjk_A,8
1hjk_A,9
1hjk_A,10
1hjk_A,11
1hjk_A,12
1hjk_A,13
1hjk_A,14
1hjk_A,15
1hjk_A,16
1hjk_A,17
1hjk_A,18
1hjk_A,19
1hjk_A,20
1hjk_A,21
1hjk_A,22
1hjk_A,23
1hjk_A,24
1hjk_A,25
1hjk_A,26
1hjk_A,27
1hjk_A,28
1hjk_A,29
1hjk_A,30
1hjk_A,31
1hqa_A,0
1hqa_A,1
1hqa_A,2
1hqa_A,3
1hqa_A,4
1hqa_A,5
1hqa_A,6
1hqa_A,7
1hqa_A,8
1hqa_A,9
1hqa_A,10
1hqa_A,11
1hqa_A,12
1hqa_A,13
1hqa_A,14
1hqa_A,15
1hqa_A,16
1hqa_A,17
1hqa_A,18
1hqa_A,19
1hqa_A,20
1hqa_A,21
1hqa_A,22
1hqa_A,23
1hqa_A,24
1hqa_A,25
1hqa_A,26
1hqa_A,27
1hqa_A,28
1hqa_A,29
1hqa_A,30
1hqa_A,31
1hva_A,0
1hva_A,1
1hva_A,2
1hva_A,3
1hva_A,4
1hva_A,5
1hva_A,6
1hva_A,7
1hva_A,8
1hva_A,9
1hva_A,10
1hva_A,11
1hva_A,12
1hva_A,13
1hva_A,14
1hva_A,15
1hva_A,16
1hva_A,17
1hva_A,18
1hva_A,19
1hva_A,20
1hva_A,21
1hva_A,22
1hva_A,23
1hva_A,24
1hva_A,25
1hva_A,26
1hva_A,27
1hva_A,28
1hva_A,29
1hva_A,30
1hva_A,31
1hyn_P,0
1hyn_P,1
1hyn_P,2
1hyn_P,3
1hyn_P,4
1hyn_P,5
1hyn_P,6
1hyn_P,7
1hyn_P,8
1hyn_P,9
1hyn_P,10
1hyn_P,11
1hyn_P,12
1hyn_P,13
1hyn_P,14
1hyn_P,15
1hyn_P,16
1hyn_P,17
1hyn_P,18
1hyn_P,19
1hyn_P,20
1hyn_P,21
1hyn_P,22
1hyn_P,23
1hyn_P,24
1hyn_P,25
1hyn_P,26
1hyn_P,27
1hyn_P,28
1hyn_P,29
1hyn_P,30
1hyn_P,31
1ipa_A,0
1ipa_A,1
1ipa_A,2
1ipa_A,3
1ipa_A,4
1ipa_A,5
1ipa_A,6
1ipa_A,7
1ipa_A,8
1ipa_A,9
1ipa_A,10
1ipa_A,11
1ipa_A,12
1ipa_A,13
1ipa_A,14
1ipa_A,15
1ipa_A,16
1ipa_A,17
1ipa_A,18
1ipa_A,19
1ipa_A,20
1ipa_A,21
1ipa_A,22
1ipa_A,23
1ipa_A,24
1ipa_A,25
1ipa_A,26
1ipa_A,27
1ipa_A,28
1ipa_A,29
1ipa_A,30
1ipa_A,31
1j85_A,0
1j85_A,1
1j85_A,2
1j85_A,3
1j85_A,4
1j85_A,5
1j85_A,6
1j85_A,7
1j85_A,8
1j85_A,9
1j85_A,10
1j85_A,11
1j85_A,12
1j85_A,13
1j85_A,14
1j85_A,15
1j85_A,16
1j85_A,17
1j85_A,18
1j85_A,19
1j85_A,20
1j85_A,21
1j85_A,22
1j85_A,23
1j85_A,24
1j85_A,25
1j85_A,26
1j85_A,27
1j85_A,28
1j85_A,29
1j85_A,30
1j85_A,31
1jch_A,0
1jch_A,1
1jch_A,2
1jch_A,3
1jch_A,4
1jch_A,5
1jch_A,6
1jch_A,7
1jch_A,8
1jch_A,9
1jch_A,10
1jch_A,11
1jch_A,12
1jch_A,13
1jch_A,14
1jch_A,15
1jch_A,16
1jch_A,17
1jch_A,18
1jch_A,19
1jch_A,20
1jch_A,21
1jch_A,22
1jch_A,23
1jch_A,24
1jch_A,25
1jch_A,26
1jch_A,27
1jch_A,28
1jch_A,29
1jch_A,30
1jch_A,31
1js1_X,0
1js1_X,1
1js1_X,2
1js1_X,3
1js1_X,4
1js1_X,5
1js1_X,6
1js1_X,7
1js1_X,8
1js1_X,9
1js1_X,10
1js1_X,11
1js1_X,12
1js1_X,13
1js1_X,14
1js1_X,15
1js1_X,16
1js1_X,17
1js1_X,18
1js1_X,19
1js1_X,20
1js1_X,21
1js1_X,22
1js1_X,23
1js1_X,24
1js1_X,25
1js1_X,26
1js1_X,27
1js1_X,28
1js1_X,29
1js1_X,30
1js1_X,31
1k3r_A,0
1k3r_A,1
1k3r_A,2
1k3r_A,3
1k3r_A,4
1k3r_A,5
1k3r_A,6
1k3r_A,7
1k3r_A,8
1k3r_A,9
1k3r_A,10
1k3r_A,11
1k3r_A,12
1k3r_A,13
1k3r_A,14
1k3r_A,15
1k3r_A,16
1k3r_A,17
1k3r_A,18
1k3r_A,19
1k3r_A,20
1k3r_A,21
1k3r_A,22
1k3r_A,23
1k3r_A,24
1k3r_A,25
1k3r_A,26
1k3r_A,27
1k3r_A,28
1k3r_A,29
1k3r_A,30
1k3r_A,31
1k7h_A,0
1k7h_A,1
1k7h_A,2
1k7h_A,3
1k7h_A,4
1k7h_A,5
1k7h_A,6
1k7h_A,7
1k7h_A,8
1k7h_A,9
1k7h_A,10
1k7h_A,11
1k7h_A,12
1k7h_A,13
1k7h_A,14
1k7h_A,15
1k7h_A,16
1k7h_A,17
1k7h_A,18
1k7h_A,19
1k7h_A,20
1k7h_A,21
1k7h_A,22
1k7h_A,23
1k7h_A,24
1k7h_A,25
1k7h_A,26
1k7h_A,27
1k7h_A,28
1k7h_A,29
1k7h_A,30
1k7h_A,31
1kh4_A,0
1kh4_A,1
1kh4_A,2
1kh4_A,3
1kh4_A,4
1kh4_A,5
1kh4_A,6
1kh4_A,7
1kh4_A,8
1kh4_A,9
1kh4_A,10
1kh4_A,11
1kh4_A,12
1kh4_A,13
1kh4_A,14
1kh4_A,15
1kh4_A,16
1kh4_A,17
1kh4_A,18
1kh4_A,19
1kh4_A,20
1kh4_A,21
1kh4_A,22
1kh4_A,23
1kh4_A,24
1kh4_A,25
1kh4_A,26
1kh4_A,27
1kh4_A,28
1kh4_A,29
1kh4_A,30
1kh4_A,31
1kh5_A,0
1kh5_A,1
1kh5_A,2
1kh5_A,3
1kh5_A,4
1kh5_A,5
1kh5_A,6
1kh5_A,7
1kh5_A,8
1kh5_A,9
1kh5_A,10
1kh5_A,11
1kh5_A,12
1kh5_A,13
1kh5_A,14
1kh5_A,15
1kh5_A,16
1kh5_A,17
1kh5_A,18
1kh5_A,19
1kh5_A,20
1kh5_A,21
1kh5_A,22
1kh5_A,23
1kh5_A,24
1kh5_A,25
1kh5_A,26
1kh5_A,27
1kh5_A,28
1kh5_A,29
1kh5_A,30
1kh5_A,31
1kh7_A,0
1kh7_A,1
1kh7_A,2
1kh7_A,3
1kh7_A,4
1kh7_A,5
1kh7_A,6
1kh7_A,7
1kh7_A,8
1kh7_A,9
1kh7_A,10
1kh7_A,11
1kh7_A,12
1kh7_A,13
1kh7_A,14
1kh7_A,15
1kh7_A,16
1kh7_A,17
1kh7_A,18
1kh7_A,19
1kh7_A,20
1kh7_A,21
1kh7_A,22
1kh7_A,23
1kh7_A,24
1kh7_A,25
1kh7_A,26
1kh7_A,27
1kh7_A,28
1kh7_A,29
1kh7_A,30
1kh7_A,31
1kh9_A,0
1kh9_A,1
1kh9_A,2
1kh9_A,3
1kh9_A,4
1kh9_A,5
1kh9_A,6
1kh9_A,7
1kh9_A,8
1kh9_A,9
1kh9_A,10
1kh9_A,11
1kh9_A,12
1kh9_A,13
1kh9_A,14
1kh9_A,15
1kh9_A,16
1kh9_A,17
1kh9_A,18
1kh9_A,19
1kh9_A,20
1kh9_A,21
1kh9_A,22
1kh9_A,23
1kh9_A,24
1kh9_A,25
1kh9_A,26
1kh9_A,27
1kh9_A,28
1kh9_A,29
1kh9_A,30
1kh9_A,31
1khj_A,0
1khj_A,1
1khj_A,2
1khj_A,3
1khj_A,4
1khj_A,5
1khj_A,6
1khj_A,7
1khj_A,8
1khj_A,9
1khj_A,10
1khj_A,11
1khj_A,12
1khj_A,13
1khj_A,14
1khj_A,15
1khj_A,16
1khj_A,17
1khj_A,18
1khj_A,19
1khj_A,20
1khj_A,21
1khj_A,22
1khj_A,23
1khj_A,24
1khj_A,25
1khj_A,26
1khj_A,27
1khj_A,28
1khj_A,29
1khj_A,30
1khj_A,31
1khk_A,0
1khk_A,1
1khk_A,2
1khk_A,3
1khk_A,4
1khk_A,5
1khk_A,6
1khk_A,7
1khk_A,8
1khk_A,9
1khk_A,10
1khk_A,11
1khk_A,12
1khk_A,13
1khk_A,14
1khk_A,15
1khk_A,16
1khk_A,17
1khk_A,18
1khk_A,19
1khk_A,20
1khk_A,21
1khk_A,22
1khk_A,23
1khk_A,24
1khk_A,25
1khk_A,26
1khk_A,27
1khk_A,28
1khk_A,29
1khk_A,30
1khk_A,31
1khl_A,0
1khl_A,1
1khl_A,2
1khl_A,3
1khl_A,4
1khl_A,5
1khl_A,6
1khl_A,7
1khl_A,8
1khl_A,9
1khl_A,10
1khl_A,11
1khl_A,12
1khl_A,13
1khl_A,14
1khl_A,15
1khl_A,16
1khl_A,17
1khl_A,18
1khl_A,19
1khl_A,20
1khl_A,21
1khl_A,22
1khl_A,23
1khl_A,24
1khl_A,25
1khl_A,26
1khl_A,27
1khl_A,28
1khl_A,29
1khl_A,30
1khl_A,31
1khn_A,0
1khn_A,1
1khn_A,2
1khn_A,3
1khn_A,4
1khn_A,5
1khn_A,6
1khn_A,7
1khn_A,8
1khn_A,9
1khn_A,10
1khn_A,11
1khn_A,12
1khn_A,13
1khn_A,14
1khn_A,15
1khn_A,16
1khn_A,17
1khn_A,18
1khn_A,19
1khn_A,20
1khn_A,21
1khn_A,22
1khn_A,23
1khn_A,24
1khn_A,25
1khn_A,26
1khn_A,27
1khn_A,28
1khn_A,29
1khn_A,30
1khn_A,31
1ki2_A,0
1ki2_A,1
1ki2_A,2
1ki2_A,3
1ki2_A,4
1ki2_A,5
1ki2_A,6
1ki2_A,7
1ki2_A,8
1ki2_A,9
1ki2_A,10
1ki2_A,11
1ki2_A,12
1ki2_A,13
1ki2_A,14
1ki2_A,15
1ki2_A,16
1ki2_A,17
1ki2_A,18
1ki2_A,19
1ki2_A,20
1ki2_A,21
1ki2_A,22
1ki2_A,23
1ki2_A,24
1ki2_A,25
1ki2_A,26
1ki2_A,27
1ki2_A,28
1ki2_A,29
1ki2_A,30
1ki2_A,31
1ki3_A,0
1ki3_A,1
1ki3_A,2
1ki3_A,3
1ki3_A,4
1ki3_A,5
1ki3_A,6
1ki3_A,7
1ki3_A,8
1ki3_A,9
1ki3_A,10
1ki3_A,11
1ki3_A,12
1ki3_A,13
1ki3_A,14
1ki3_A,15
1ki3_A,16
1ki3_A,17
1ki3_A,18
1ki3_A,19
1ki3_A,20
1ki3_A,21
1ki3_A,22
1ki3_A,23
1ki3_A,24
1ki3_A,25
1ki3_A,26
1ki3_A,27
1ki3_A,28
1ki3_A,29
1ki3_A,30
1ki3_A,31
1ki4_A,0
1ki4_A,1
1ki4_A,2
1ki4_A,3
1ki4_A,4
1ki4_A,5
1ki4_A,6
1ki4_A,7
1ki4_A,8
1ki4_A,9
1ki4_A,10
1ki4_A,11
1ki4_A,12
1ki4_A,13
1ki4_A,14
1ki4_A,15
1ki4_A,16
1ki4_A,17
1ki4_A,18
1ki4_A,19
1ki4_A,20
1ki4_A,21
1ki4_A,22
1ki4_A,23
1ki4_A,24
1ki4_A,25
1ki4_A,26
1ki4_A,27
1ki4_A,28
1ki4_A,29
1ki4_A,30
1ki4_A,31
1ki6_A,0
1ki6_A,1
1ki6_A,2
1ki6_A,3
1ki6_A,4
1ki6_A,5
1ki6_A,6
1ki6_A,7
1ki6_A,8
1ki6_A,9
1ki6_A,10
1ki6_A,11
1ki6_A,12
1ki6_A,13
1ki6_A,14
1ki6_A,15
1ki6_A,16
1ki6_A,17
1ki6_A,18
1ki6_A,19
1ki6_A,20
1ki6_A,21
1ki6_A,22
1ki6_A,23
1ki6_A,24
1ki6_A,25
1ki6_A,26
1ki6_A,27
1ki6_A,28
1ki6_A,29
1ki6_A,30
1ki6_A,31
1ki6_B,0
1ki6_B,1
1ki6_B,2
1ki6_B,3
1ki6_B,4
1ki6_B,5
1ki6_B,6
1ki6_B,7
1ki6_B,8
1ki6_B,9
1ki6_B,10
1ki6_B,11
1ki6_B,12
1ki6_B,13
1ki6_B,14
1ki6_B,15
1ki6_B,16
1ki6_B,17
1ki6_B,18
1ki6_B,19
1ki6_B,20
1ki6_B,21
1ki6_B,22
1ki6_B,23
1ki6_B,24
1ki6_B,25
1ki6_B,26
1ki6_B,27
1ki6_B,28
1ki6_B,29
1ki6_B,30
1ki6_B,31
1ki7_A,0
1ki7_A,1
1ki7_A,2
1ki7_A,3
1ki7_A,4
1ki7_A,5
1ki7_A,6
1ki7_A,7
1ki7_A,8
1ki7_A,9
1ki7_A,10
1ki7_A,11
1ki7_A,12
1ki7_A,13
1ki7_A,14
1ki7_A,15
1ki7_A,16
1ki7_A,17
1ki7_A,18
1ki7_A,19
1ki7_A,20
1ki7_A,21
1ki7_A,22
1ki7_A,23
1ki7_A,24
1ki7_A,25
1ki7_A,26
1ki7_A,27
1ki7_A,28
1ki7_A,29
1ki7_A,30
1ki7_A,31
1ki8_A,0
1ki8_A,1
1ki8_A,2
1ki8_A,3
1ki8_A,4
1ki8_A,5
1ki8_A,6
1ki8_A,7
1ki8_A,8
1ki8_A,9
1ki8_A,10
1ki8_A,11
1ki8_A,12
1ki8_A,13
1ki8_A,14
1ki8_A,15
1ki8_A,16
1ki8_A,17
1ki8_A,18
1ki8_A,19
1ki8_A,20
1ki8_A,21
1ki8_A,22
1ki8_A,23
1ki8_A,24
1ki8_A,25
1ki8_A,26
1ki8_A,27
1ki8_A,28
1ki8_A,29
1ki8_A,30
1ki8_A,31
1kim_A,0
1kim_A,1
1kim_A,2
1kim_A,3
1kim_A,4
1kim_A,5
1kim_A,6
1kim_A,7
1kim_A,8
1kim_A,9
1kim_A,10
1kim_A,11
1kim_A,12
1kim_A,13
1kim_A,14
1kim_A,15
1kim_A,16
1kim_A,17
1kim_A,18
1kim_A,19
1kim_A,20
1kim_A,21
1kim_A,22
1kim_A,23
1kim_A,24
1kim_A,25
1kim_A,26
1kim_A,27
1kim_A,28
1kim_A,29
1kim_A,30
1kim_A,31
1lm4_A,0
1lm4_A,1
1lm4_A,2
1lm4_A,3
1lm4_A,4
1lm4_A,5
1lm4_A,6
1lm4_A,7
1lm4_A,8
1lm4_A,9
1lm4_A,10
1lm4_A,11
1lm4_A,12
1lm4_A,13
1lm4_A,14
1lm4_A,15
1lm4_A,16
1lm4_A,17
1lm4_A,18
1lm4_A,19
1lm4_A,20
1lm4_A,21
1lm4_A,22
1lm4_A,23
1lm4_A,24
1lm4_A,25
1lm4_A,26
1lm4_A,27
1lm4_A,28
1lm4_A,29
1lm4_A,30
1lm4_A,31
1lns_A,0
1lns_A,1
1lns_A,2
1lns_A,3
1lns_A,4
1lns_A,5
1lns_A,6
1lns_A,7
1lns_A,8
1lns_A,9
1lns_A,10
1lns_A,11
1lns_A,12
1lns_A,13
1lns_A,14
1lns_A,15
1lns_A,16
1lns_A,17
1lns_A,18
1lns_A,19
1lns_A,20
1lns_A,21
1lns_A,22
1lns_A,23
1lns_A,24
1lns_A,25
1lns_A,26
1lns_A,27
1lns_A,28
1lns_A,29
1lns_A,30
1lns_A,31
1mxa_A,0
1mxa_A,1
1mxa_A,2
1mxa_A,3
1mxa_A,4
1mxa_A,5
1mxa_A,6
1mxa_A,7
1mxa_A,8
1mxa_A,9
1mxa_A,10
1mxa_A,11
1mxa_A,12
1mxa_A,13
1mxa_A,14
1mxa_A,15
1mxa_A,16
1mxa_A,17
1mxa_A,18
1mxa_A,19
1mxa_A,20
1mxa_A,21
1mxa_A,22
1mxa_A,23
1mxa_A,24
1mxa_A,25
1mxa_A,26
1mxa_A,27
1mxa_A,28
1mxa_A,29
1mxa_A,30
1mxa_A,31
1mxb_A,0
1mxb_A,1
1mxb_A,2
1mxb_A,3
1mxb_A,4
1mxb_A,5
1mxb_A,6
1mxb_A,7
1mxb_A,8
1mxb_A,9
1mxb_A,10
1mxb_A,11
1mxb_A,12
1mxb_A,13
1mxb_A,14
1mxb_A,15
1mxb_A,16
1mxb_A,17
1mxb_A,18
1mxb_A,19
1mxb_A,20
1mxb_A,21
1mxb_A,22
1mxb_A,23
1mxb_A,24
1mxb_A,25
1mxb_A,26
1mxb_A,27
1mxb_A,28
1mxb_A,29
1mxb_A,30
1mxb_A,31
1mxc_A,0
1mxc_A,1
1mxc_A,2
1mxc_A,3
1mxc_A,4
1mxc_A,5
1mxc_A,6
1mxc_A,7
1mxc_A,8
1mxc_A,9
1mxc_A,10
1mxc_A,11
1mxc_A,12
1mxc_A,13
1mxc_A,14
1mxc_A,15
1mxc_A,16
1mxc_A,17
1mxc_A,18
1mxc_A,19
1mxc_A,20
1mxc_A,21
1mxc_A,22
1mxc_A,23
1mxc_A,24
1mxc_A,25
1mxc_A,26
1mxc_A,27
1mxc_A,28
1mxc_A,29
1mxc_A,30
1mxc_A,31
1mxi_A,0
1mxi_A,1
1mxi_A,2
1mxi_A,3
1mxi_A,4
1mxi_A,5
1mxi_A,6
1mxi_A,7
1mxi_A,8
1mxi_A,9
1mxi_A,10
1mxi_A,11
1mxi_A,12
1mxi_A,13
1mxi_A,14
1mxi_A,15
1mxi_A,16
1mxi_A,17
1mxi_A,18
1mxi_A,19
1mxi_A,20
1mxi_A,21
1mxi_A,22
1mxi_A,23
1mxi_A,24
1mxi_A,25
1mxi_A,26
1mxi_A,27
1mxi_A,28
1mxi_A,29
1mxi_A,30
1mxi_A,31
1n2k_A,0
1n2k_A,1
1n2k_A,2
1n2k_A,3
1n2k_A,4
1n2k_A,5
1n2k_A,6
1n2k_A,7
1n2k_A,8
1n2k_A,9
1n2k_A,10
1n2k_A,11
1n2k_A,12
1n2k_A,13
1n2k_A,14
1n2k_A,15
1n2k_A,16
1n2k_A,17
1n2k_A,18
1n2k_A,19
1n2k_A,20
1n2k_A,21
1n2k_A,22
1n2k_A,23
1n2k_A,24
1n2k_A,25
1n2k_A,26
1n2k_A,27
1n2k_A,28
1n2k_A,29
1n2k_A,30
1n2k_A,31
1n2l_A,0
1n2l_A,1
1n2l_A,2
1n2l_A,3
1n2l_A,4
1n2l_A,5
1n2l_A,6
1n2l_A,7
1n2l_A,8
1n2l_A,9
1n2l_A,10
1n2l_A,11
1n2l_A,12
1n2l_A,13
1n2l_A,14
1n2l_A,15
1n2l_A,16
1n2l_A,17
1n2l_A,18
1n2l_A,19
1n2l_A,20
1n2l_A,21
1n2l_A,22
1n2l_A,23
1n2l_A,24
1n2l_A,25
1n2l_A,26
1n2l_A,27
1n2l_A,28
1n2l_A,29
1n2l_A,30
1n2l_A,31
1n2m_A,0
1n2m_A,1
1n2m_A,2
1n2m_A,3
1n2m_A,4
1n2m_A,5
1n2m_A,6
1n2m_A,7
1n2m_A,8
1n2m_A,9
1n2m_A,10
1n2m_A,11
1n2m_A,12
1n2m_A,13
1n2m_A,14
1n2m_A,15
1n2m_A,16
1n2m_A,17
1n2m_A,18
1n2m_A,19
1n2m_A,20
1n2m_A,21
1n2m_A,22
1n2m_A,23
1n2m_A,24
1n2m_A,25
1n2m_A,26
1n2m_A,27
1n2m_A,28
1n2m_A,29
1n2m_A,30
1n2m_A,31
1ns5_A,0
1ns5_A,1
1ns5_A,2
1ns5_A,3
1ns5_A,4
1ns5_A,5
1ns5_A,6
1ns5_A,7
1ns5_A,8
1ns5_A,9
1ns5_A,10
1ns5_A,11
1ns5_A,12
1ns5_A,13
1ns5_A,14
1ns5_A,15
1ns5_A,16
1ns5_A,17
1ns5_A,18
1ns5_A,19
1ns5_A,20
1ns5_A,21
1ns5_A,22
1ns5_A,23
1ns5_A,24
1ns5_A,25
1ns5_A,26
1ns5_A,27
1ns5_A,28
1ns5_A,29
1ns5_A,30
1ns5_A,31
1nxz_A,0
1nxz_A,1
1nxz_A,2
1nxz_A,3
1nxz_A,4
1nxz_A,5
1nxz_A,6
1nxz_A,7
1nxz_A,8
1nxz_A,9
1nxz_A,10
1nxz_A,11
1nxz_A,12
1nxz_A,13
1nxz_A,14
1nxz_A,15
1nxz_A,16
1nxz_A,17
1nxz_A,18
1nxz_A,19
1nxz_A,20
1nxz_A,21
1nxz_A,22
1nxz_A,23
1nxz_A,24
1nxz_A,25
1nxz_A,26
1nxz_A,27
1nxz_A,28
1nxz_A,29
1nxz_A,30
1nxz_A,31
1o6d_A,0
1o6d_A,1
1o6d_A,2
1o6d_A,3
1o6d_A,4
1o6d_A,5
1o6d_A,6
1o6d_A,7
1o6d_A,8
1o6d_A,9
1o6d_A,10
1o6d_A,11
1o6d_A,12
1o6d_A,13
1o6d_A,14
1o6d_A,15
1o6d_A,16
1o6d_A,17
1o6d_A,18
1o6d_A,19
1o6d_A,20
1o6d_A,21
1o6d_A,22
1o6d_A,23
1o6d_A,24
1o6d_A,25
1o6d_A,26
1o6d_A,27
1o6d_A,28
1o6d_A,29
1o6d_A,30
1o6d_A,31
1o90_A,0
1o90_A,1
1o90_A,2
1o90_A,3
1o90_A,4
1o90_A,5
1o90_A,6
1o90_A,7
1o90_A,8
1o90_A,9
1o90_A,10
1o90_A,11
1o90_A,12
1o90_A,13
1o90_A,14
1o90_A,15
1o90_A,16
1o90_A,17
1o90_A,18
1o90_A,19
1o90_A,20
1o90_A,21
1o90_A,22
1o90_A,23
1o90_A,24
1o90_A,25
1o90_A,26
1o90_A,27
1o90_A,28
1o90_A,29
1o90_A,30
1o90_A,31
1o92_A,0
1o92_A,1
1o92_A,2
1o92_A,3
1o92_A,4
1o92_A,5
1o92_A,6
1o92_A,7
1o92_A,8
1o92_A,9
1o92_A,10
1o92_A,11
1o92_A,12
1o92_A,13
1o92_A,14
1o92_A,15
1o92_A,16
1o92_A,17
1o92_A,18
1o92_A,19
1o92_A,20
1o92_A,21
1o92_A,22
1o92_A,23
1o92_A,24
1o92_A,25
1o92_A,26
1o92_A,27
1o92_A,28
1o92_A,29
1o92_A,30
1o92_A,31
1o93_A,0
1o93_A,1
1o93_A,2
1o93_A,3
1o93_A,4
1o93_A,5
1o93_A,6
1o93_A,7
1o93_A,8
1o93_A,9
1o93_A,10
1o93_A,11
1o93_A,12
1o93_A,13
1o93_A,14
1o93_A,15
1o93_A,16
1o93_A,17
1o93_A,18
1o93_A,19
1o93_A,20
1o93_A,21
1o93_A,22
1o93_A,23
1o93_A,24
1o93_A,25
1o93_A,26
1o93_A,27
1o93_A,28
1o93_A,29
1o93_A,30
1o93_A,31
1o98_A,0
1o98_A,1
1o98_A,2
1o98_A,3
1o98_A,4
1o98_A,5
1o98_A,6
1o98_A,7
1o98_A,8
1o98_A,9
1o98_A,10
1o98_A,11
1o98_A,12
1o98_A,13
1o98_A,14
1o98_A,15
1o98_A,16
1o98_A,17
1o98_A,18
1o98_A,19
1o98_A,20
1o98_A,21
1o98_A,22
1o98_A,23
1o98_A,24
1o98_A,25
1o98_A,26
1o98_A,27
1o98_A,28
1o98_A,29
1o98_A,30
1o98_A,31
1o99_A,0
1o99_A,1
1o99_A,2
1o99_A,3
1o99_A,4
1o99_A,5
1o99_A,6
1o99_A,7
1o99_A,8
1o99_A,9
1o99_A,10
1o99_A,11
1o99_A,12
1o99_A,13
1o99_A,14
1o99_A,15
1o99_A,16
1o99_A,17
1o99_A,18
1o99_A,19
1o99_A,20
1o99_A,21
1o99_A,22
1o99_A,23
1o99_A,24
1o99_A,25
1o99_A,26
1o99_A,27
1o99_A,28
1o99_A,29
1o99_A,30
1o99_A,31
1o9t_A,0
1o9t_A,1
1o9t_A,2
1o9t_A,3
1o9t_A,4
1o9t_A,5
1o9t_A,6
1o9t_A,7
1o9t_A,8
1o9t_A,9
1o9t_A,10
1o9t_A,11
1o9t_A,12
1o9t_A,13
1o9t_A,14
1o9t_A,15
1o9t_A,16
1o9t_A,17
1o9t_A,18
1o9t_A,19
1o9t_A,20
1o9t_A,21
1o9t_A,22
1o9t_A,23
1o9t_A,24
1o9t_A,25
1o9t_A,26
1o9t_A,27
1o9t_A,28
1o9t_A,29
1o9t_A,30
1o9t_A,31
1of1_A,0
1of1_A,1
1of1_A,2
1of1_A,3
1of1_A,4
1of1_A,5
1of1_A,6
1of1_A,7
1of1_A,8
1of1_A,9
1of1_A,10
1of1_A,11
1of1_A,12
1of1_A,13
1of1_A,14
1of1_A,15
1of1_A,16
1of1_A,17
1of1_A,18
1of1_A,19
1of1_A,20
1of1_A,21
1of1_A,22
1of1_A,23
1of1_A,24
1of1_A,25
1of1_A,26
1of1_A,27
1of1_A,28
1of1_A,29
1of1_A,30
1of1_A,31
1ogc_A,0
1ogc_A,1
1ogc_A,2
1ogc_A,3
1ogc_A,4
1ogc_A,5
1ogc_A,6
1ogc_A,7
1ogc_A,8
1ogc_A,9
1ogc_A,10
1ogc_A,11
1ogc_A,12
1ogc_A,13
1ogc_A,14
1ogc_A,15
1ogc_A,16
1ogc_A,17
1ogc_A,18
1ogc_A,19
1ogc_A,20
1ogc_A,21
1ogc_A,22
1ogc_A,23
1ogc_A,24
1ogc_A,25
1ogc_A,26
1ogc_A,27
1ogc_A,28
1ogc_A,29
1ogc_A,30
1ogc_A,31
1ogd_A,0
1ogd_A,1
1ogd_A,2
1ogd_A,3
1ogd_A,4
1ogd_A,5
1ogd_A,6
1ogd_A,7
1ogd_A,8
1ogd_A,9
1ogd_A,10
1ogd_A,11
1ogd_A,12
1ogd_A,13
1ogd_A,14
1ogd_A,15
1ogd_A,16
1ogd_A,17
1ogd_A,18
1ogd_A,19
1ogd_A,20
1ogd_A,21
1ogd_A,22
1ogd_A,23
1ogd_A,24
1ogd_A,25
1ogd_A,26
1ogd_A,27
1ogd_A,28
1ogd_A,29
1ogd_A,30
1ogd_A,31
1oge_A,0
1oge_A,1
1oge_A,2
1oge_A,3
1oge_A,4
1oge_A,5
1oge_A,6
1oge_A,7
1oge_A,8
1oge_A,9
1oge_A,10
1oge_A,11
1oge_A,12
1oge_A,13
1oge_A,14
1oge_A,15
1oge_A,16
1oge_A,17
1oge_A,18
1oge_A,19
1oge_A,20
1oge_A,21
1oge_A,22
1oge_A,23
1oge_A,24
1oge_A,25
1oge_A,26
1oge_A,27
1oge_A,28
1oge_A,29
1oge_A,30
1oge_A,31
1ogf_A,0
1ogf_A,1
1ogf_A,2
1ogf_A,3
1ogf_A,4
1ogf_A,5
1ogf_A,6
1ogf_A,7
1ogf_A,8
1ogf_A,9
1ogf_A,10
1ogf_A,11
1ogf_A,12
1ogf_A,13
1ogf_A,14
1ogf_A,15
1ogf_A,16
1ogf_A,17
1ogf_A,18
1ogf_A,19
1ogf_A,20
1ogf_A,21
1ogf_A,22
1ogf_A,23
1ogf_A,24
1ogf_A,25
1ogf_A,26
1ogf_A,27
1ogf_A,28
1ogf_A,29
1ogf_A,30
1ogf_A,31
1osn_A,0
1osn_A,1
1osn_A,2
1osn_A,3
1osn_A,4
1osn_A,5
1osn_A,6
1osn_A,7
1osn_A,8
1osn_A,9
1osn_A,10
1osn_A,11
1osn_A,12
1osn_A,13
1osn_A,14
1osn_A,15
1osn_A,16
1osn_A,17
1osn_A,18
1osn_A,19
1osn_A,20
1osn_A,21
1osn_A,22
1osn_A,23
1osn_A,24
1osn_A,25
1osn_A,26
1osn_A,27
1osn_A,28
1osn_A,29
1osn_A,30
1osn_A,31
1p49_A,0
1p49_A,1
1p49_A,2
1p49_A,3
1p49_A,4
1p49_A,5
1p49_A,6
1p49_A,7
1p49_A,8
1p49_A,9
1p49_A,10
1p49_A,11
1p49_A,12
1p49_A,13
1p49_A,14
1p49_A,15
1p49_A,16
1p49_A,17
1p49_A,18
1p49_A,19
1p49_A,20
1p49_A,21
1p49_A,22
1p49_A,23
1p49_A,24
1p49_A,25
1p49_A,26
1p49_A,27
1p49_A,28
1p49_A,29
1p49_A,30
1p49_A,31
1p6x_A,0
1p6x_A,1
1p6x_A,2
1p6x_A,3
1p6x_A,4
1p6x_A,5
1p6x_A,6
1p6x_A,7
1p6x_A,8
1p6x_A,9
1p6x_A,10
1p6x_A,11
1p6x_A,12
1p6x_A,13
1p6x_A,14
1p6x_A,15
1p6x_A,16
1p6x_A,17
1p6x_A,18
1p6x_A,19
1p6x_A,20
1p6x_A,21
1p6x_A,22
1p6x_A,23
1p6x_A,24
1p6x_A,25
1p6x_A,26
1p6x_A,27
1p6x_A,28
1p6x_A,29
1p6x_A,30
1p6x_A,31
1p72_A,0
1p72_A,1
1p72_A,2
1p72_A,3
1p72_A,4
1p72_A,5
1p72_A,6
1p72_A,7
1p72_A,8
1p72_A,9
1p72_A,10
1p72_A,11
1p72_A,12
1p72_A,13
1p72_A,14
1p72_A,15
1p72_A,16
1p72_A,17
1p72_A,18
1p72_A,19
1p72_A,20
1p72_A,21
1p72_A,22
1p72_A,23
1p72_A,24
1p72_A,25
1p72_A,26
1p72_A,27
1p72_A,28
1p72_A,29
1p72_A,30
1p72_A,31
1p73_A,0
1p73_A,1
1p73_A,2
1p73_A,3
1p73_A,4
1p73_A,5
1p73_A,6
1p73_A,7
1p73_A,8
1p73_A,9
1p73_A,10
1p73_A,11
1p73_A,12
1p73_A,13
1p73_A,14
1p73_A,15
1p73_A,16
1p73_A,17
1p73_A,18
1p73_A,19
1p73_A,20
1p73_A,21
1p73_A,22
1p73_A,23
1p73_A,24
1p73_A,25
1p73_A,26
1p73_A,27
1p73_A,28
1p73_A,29
1p73_A,30
1p73_A,31
1p75_A,0
1p75_A,1
1p75_A,2
1p75_A,3
1p75_A,4
1p75_A,5
1p75_A,6
1p75_A,7
1p75_A,8
1p75_A,9
1p75_A,10
1p75_A,11
1p75_A,12
1p75_A,13
1p75_A,14
1p75_A,15
1p75_A,16
1p75_A,17
1p75_A,18
1p75_A,19
1p75_A,20
1p75_A,21
1p75_A,22
1p75_A,23
1p75_A,24
1p75_A,25
1p75_A,26
1p75_A,27
1p75_A,28
1p75_A,29
1p75_A,30
1p75_A,31
1p7c_A,0
1p7c_A,1
1p7c_A,2
1p7c_A,3
1p7c_A,4
1p7c_A,5
1p7c_A,6
1p7c_A,7
1p7c_A,8
1p7c_A,9
1p7c_A,10
1p7c_A,11
1p7c_A,12
1p7c_A,13
1p7c_A,14
1p7c_A,15
1p7c_A,16
1p7c_A,17
1p7c_A,18
1p7c_A,19
1p7c_A,20
1p7c_A,21
1p7c_A,22
1p7c_A,23
1p7c_A,24
1p7c_A,25
1p7c_A,26
1p7c_A,27
1p7c_A,28
1p7c_A,29
1p7c_A,30
1p7c_A,31
1p7l_A,0
1p7l_A,1
1p7l_A,2
1p7l_A,3
1p7l_A,4
1p7l_A,5
1p7l_A,6
1p7l_A,7
1p7l_A,8
1p7l_A,9
1p7l_A,10
1p7l_A,11
1p7l_A,12
1p7l_A,13
1p7l_A,14
1p7l_A,15
1p7l_A,16
1p7l_A,17
1p7l_A,18
1p7l_A,19
1p7l_A,20
1p7l_A,21
1p7l_A,22
1p7l_A,23
1p7l_A,24
1p7l_A,25
1p7l_A,26
1p7l_A,27
1p7l_A,28
1p7l_A,29
1p7l_A,30
1p7l_A,31
1p9p_A,0
1p9p_A,1
1p9p_A,2
1p9p_A,3
1p9p_A,4
1p9p_A,5
1p9p_A,6
1p9p_A,7
1p9p_A,8
1p9p_A,9
1p9p_A,10
1p9p_A,11
1p9p_A,12
1p9p_A,13
1p9p_A,14
1p9p_A,15
1p9p_A,16
1p9p_A,17
1p9p_A,18
1p9p_A,19
1p9p_A,20
1p9p_A,21
1p9p_A,22
1p9p_A,23
1p9p_A,24
1p9p_A,25
1p9p_A,26
1p9p_A,27
1p9p_A,28
1p9p_A,29
1p9p_A,30
1p9p_A,31
1pgi_A,0
1pgi_A,1
1pgi_A,2
1pgi_A,3
1pgi_A,4
1pgi_A,5
1pgi_A,6
1pgi_A,7
1pgi_A,8
1pgi_A,9
1pgi_A,10
1pgi_A,11
1pgi_A,12
1pgi_A,13
1pgi_A,14
1pgi_A,15
1pgi_A,16
1pgi_A,17
1pgi_A,18
1pgi_A,19
1pgi_A,20
1pgi_A,21
1pgi_A,22
1pgi_A,23
1pgi_A,24
1pgi_A,25
1pgi_A,26
1pgi_A,27
1pgi_A,28
1pgi_A,29
1pgi_A,30
1pgi_A,31
1qhi_A,0
1qhi_A,1
1qhi_A,2
1qhi_A,3
1qhi_A,4
1qhi_A,5
1qhi_A,6
1qhi_A,7
1qhi_A,8
1qhi_A,9
1qhi_A,10
1qhi_A,11
1qhi_A,12
1qhi_A,13
1qhi_A,14
1qhi_A,15
1qhi_A,16
1qhi_A,17
1qhi_A,18
1qhi_A,19
1qhi_A,20
1qhi_A,21
1qhi_A,22
1qhi_A,23
1qhi_A,24
1qhi_A,25
1qhi_A,26
1qhi_A,27
1qhi_A,28
1qhi_A,29
1qhi_A,30
1qhi_A,31
1qm4_A,0
1qm4_A,1
1qm4_A,2
1qm4_A,3
1qm4_A,4
1qm4_A,5
1qm4_A,6
1qm4_A,7
1qm4_A,8
1qm4_A,9
1qm4_A,10
1qm4_A,11
1qm4_A,12
1qm4_A,13
1qm4_A,14
1qm4_A,15
1qm4_A,16
1qm4_A,17
1qm4_A,18
1qm4_A,19
1qm4_A,20
1qm4_A,21
1qm4_A,22
1qm4_A,23
1qm4_A,24
1qm4_A,25
1qm4_A,26
1qm4_A,27
1qm4_A,28
1qm4_A,29
1qm4_A,30
1qm4_A,31
1rg9_A,0
1rg9_A,1
1rg9_A,2
1rg9_A,3
1rg9_A,4
1rg9_A,5
1rg9_A,6
1rg9_A,7
1rg9_A,8
1rg9_A,9
1rg9_A,10
1rg9_A,11
1rg9_A,12
1rg9_A,13
1rg9_A,14
1rg9_A,15
1rg9_A,16
1rg9_A,17
1rg9_A,18
1rg9_A,19
1rg9_A,20
1rg9_A,21
1rg9_A,22
1rg9_A,23
1rg9_A,24
1rg9_A,25
1rg9_A,26
1rg9_A,27
1rg9_A,28
1rg9_A,29
1rg9_A,30
1rg9_A,31
1rh1_A,0
1rh1_A,1
1rh1_A,2
1rh1_A,3
1rh1_A,4
1rh1_A,5
1rh1_A,6
1rh1_A,7
1rh1_A,8
1rh1_A,9
1rh1_A,10
1rh1_A,11
1rh1_A,12
1rh1_A,13
1rh1_A,14
1rh1_A,15
1rh1_A,16
1rh1_A,17
1rh1_A,18
1rh1_A,19
1rh1_A,20
1rh1_A,21
1rh1_A,22
1rh1_A,23
1rh1_A,24
1rh1_A,25
1rh1_A,26
1rh1_A,27
1rh1_A,28
1rh1_A,29
1rh1_A,30
1rh1_A,31
1shn_A,0
1shn_A,1
1shn_A,2
1shn_A,3
1shn_A,4
1shn_A,5
1shn_A,6
1shn_A,7
1shn_A,8
1shn_A,9
1shn_A,10
1shn_A,11
1shn_A,12
1shn_A,13
1shn_A,14
1shn_A,15
1shn_A,16
1shn_A,17
1shn_A,18
1shn_A,19
1shn_A,20
1shn_A,21
1shn_A,22
1shn_A,23
1shn_A,24
1shn_A,25
1shn_A,26
1shn_A,27
1shn_A,28
1shn_A,29
1shn_A,30
1shn_A,31
1shq_A,0
1shq_A,1
1shq_A,2
1shq_A,3
1shq_A,4
1shq_A,5
1shq_A,6
1shq_A,7
1shq_A,8
1shq_A,9
1shq_A,10
1shq_A,11
1shq_A,12
1shq_A,13
1shq_A,14
1shq_A,15
1shq_A,16
1shq_A,17
1shq_A,18
1shq_A,19
1shq_A,20
1shq_A,21
1shq_A,22
1shq_A,23
1shq_A,24
1shq_A,25
1shq_A,26
1shq_A,27
1shq_A,28
1shq_A,29
1shq_A,30
1shq_A,31
1ti2_A,0
1ti2_A,1
1ti2_A,2
1ti2_A,3
1ti2_A,4
1ti2_A,5
1ti2_A,6
1ti2_A,7
1ti2_A,8
1ti2_A,9
1ti2_A,10
1ti2_A,11
1ti2_A,12
1ti2_A,13
1ti2_A,14
1ti2_A,15
1ti2_A,16
1ti2_A,17
1ti2_A,18
1ti2_A,19
1ti2_A,20
1ti2_A,21
1ti2_A,22
1ti2_A,23
1ti2_A,24
1ti2_A,25
1ti2_A,26
1ti2_A,27
1ti2_A,28
1ti2_A,29
1ti2_A,30
1ti2_A,31
1ti4_A,0
1ti4_A,1
1ti4_A,2
1ti4_A,3
1ti4_A,4
1ti4_A,5
1ti4_A,6
1ti4_A,7
1ti4_A,8
1ti4_A,9
1ti4_A,10
1ti4_A,11
1ti4_A,12
1ti4_A,13
1ti4_A,14
1ti4_A,15
1ti4_A,16
1ti4_A,17
1ti4_A,18
1ti4_A,19
1ti4_A,20
1ti4_A,21
1ti4_A,22
1ti4_A,23
1ti4_A,24
1ti4_A,25
1ti4_A,26
1ti4_A,27
1ti4_A,28
1ti4_A,29
1ti4_A,30
1ti4_A,31
1ti6_A,0
1ti6_A,1
1ti6_A,2
1ti6_A,3
1ti6_A,4
1ti6_A,5
1ti6_A,6
1ti6_A,7
1ti6_A,8
1ti6_A,9
1ti6_A,10
1ti6_A,11
1ti6_A,12
1ti6_A,13
1ti6_A,14
1ti6_A,15
1ti6_A,16
1ti6_A,17
1ti6_A,18
1ti6_A,19
1ti6_A,20
1ti6_A,21
1ti6_A,22
1ti6_A,23
1ti6_A,24
1ti6_A,25
1ti6_A,26
1ti6_A,27
1ti6_A,28
1ti6_A,29
1ti6_A,30
1ti6_A,31
1to0_A,0
1to0_A,1
1to0_A,2
1to0_A,3
1to0_A,4
1to0_A,5
1to0_A,6
1to0_A,7
1to0_A,8
1to0_A,9
1to0_A,10
1to0_A,11
1to0_A,12
1to0_A,13
1to0_A,14
1to0_A,15
1to0_A,16
1to0_A,17
1to0_A,18
1to0_A,19
1to0_A,20
1to0_A,21
1to0_A,22
1to0_A,23
1to0_A,24
1to0_A,25
1to0_A,26
1to0_A,27
1to0_A,28
1to0_A,29
1to0_A,30
1to0_A,31
1uaj_A,0
1uaj_A,1
1uaj_A,2
1uaj_A,3
1uaj_A,4
1uaj_A,5
1uaj_A,6
1uaj_A,7
1uaj_A,8
1uaj_A,9
1uaj_A,10
1uaj_A,11
1uaj_A,12
1uaj_A,13
1uaj_A,14
1uaj_A,15
1uaj_A,16
1uaj_A,17
1uaj_A,18
1uaj_A,19
1uaj_A,20
1uaj_A,21
1uaj_A,22
1uaj_A,23
1uaj_A,24
1uaj_A,25
1uaj_A,26
1uaj_A,27
1uaj_A,28
1uaj_A,29
1uaj_A,30
1uaj_A,31
1uak_A,0
1uak_A,1
1uak_A,2
1uak_A,3
1uak_A,4
1uak_A,5
1uak_A,6
1uak_A,7
1uak_A,8
1uak_A,9
1uak_A,10
1uak_A,11
1uak_A,12
1uak_A,13
1uak_A,14
1uak_A,15
1uak_A,16
1uak_A,17
1uak_A,18
1uak_A,19
1uak_A,20
1uak_A,21
1uak_A,22
1uak_A,23
1uak_A,24
1uak_A,25
1uak_A,26
1uak_A,27
1uak_A,28
1uak_A,29
1uak_A,30
1uak_A,31
1ual_A,0
1ual_A,1
1ual_A,2
1ual_A,3
1ual_A,4
1ual_A,5
1ual_A,6
1ual_A,7
1ual_A,8
1ual_A,9
1ual_A,10
1ual_A,11
1ual_A,12
1ual_A,13
1ual_A,14
1ual_A,15
1ual_A,16
1ual_A,17
1ual_A,18
1ual_A,19
1ual_A,20
1ual_A,21
1ual_A,22
1ual_A,23
1ual_A,24
1ual_A,25
1ual_A,26
1ual_A,27
1ual_A,28
1ual_A,29
1ual_A,30
1ual_A,31
1uam_A,0
1uam_A,1
1uam_A,2
1uam_A,3
1uam_A,4
1uam_A,5
1uam_A,6
1uam_A,7
1uam_A,8
1uam_A,9
1uam_A,10
1uam_A,11
1uam_A,12
1uam_A,13
1uam_A,14
1uam_A,15
1uam_A,16
1uam_A,17
1uam_A,18
1uam_A,19
1uam_A,20
1uam_A,21
1uam_A,22
1uam_A,23
1uam_A,24
1uam_A,25
1uam_A,26
1uam_A,27
1uam_A,28
1uam_A,29
1uam_A,30
1uam_A,31
1uch_A,0
1uch_A,1
1uch_A,2
1uch_A,3
1uch_A,4
1uch_A,5
1uch_A,6
1uch_A,7
1uch_A,8
1uch_A,9
1uch_A,10
1uch_A,11
1uch_A,12
1uch_A,13
1uch_A,14
1uch_A,15
1uch_A,16
1uch_A,17
1uch_A,18
1uch_A,19
1uch_A,20
1uch_A,21
1uch_A,22
1uch_A,23
1uch_A,24
1uch_A,25
1uch_A,26
1uch_A,27
1uch_A,28
1uch_A,29
1uch_A,30
1uch_A,31
1ura_A,0
1ura_A,1
1ura_A,2
1ura_A,3
1ura_A,4
1ura_A,5
1ura_A,6
1ura_A,7
1ura_A,8
1ura_A,9
1ura_A,10
1ura_A,11
1ura_A,12
1ura_A,13
1ura_A,14
1ura_A,15
1ura_A,16
1ura_A,17
1ura_A,18
1ura_A,19
1ura_A,20
1ura_A,21
1ura_A,22
1ura_A,23
1ura_A,24
1ura_A,25
1ura_A,26
1ura_A,27
1ura_A,28
1ura_A,29
1ura_A,30
1ura_A,31
1urb_A,0
1urb_A,1
1urb_A,2
1urb_A,3
1urb_A,4
1urb_A,5
1urb_A,6
1urb_A,7
1urb_A,8
1urb_A,9
1urb_A,10
1urb_A,11
1urb_A,12
1urb_A,13
1urb_A,14
1urb_A,15
1urb_A,16
1urb_A,17
1urb_A,18
1urb_A,19
1urb_A,20
1urb_A,21
1urb_A,22
1urb_A,23
1urb_A,24
1urb_A,25
1urb_A,26
1urb_A,27
1urb_A,28
1urb_A,29
1urb_A,30
1urb_A,31
1v2x_A,0
1v2x_A,1
1v2x_A,2
1v2x_A,3
1v2x_A,4
1v2x_A,5
1v2x_A,6
1v2x_A,7
1v2x_A,8
1v2x_A,9
1v2x_A,10
1v2x_A,11
1v2x_A,12
1v2x_A,13
1v2x_A,14
1v2x_A,15
1v2x_A,16
1v2x_A,17
1v2x_A,18
1v2x_A,19
1v2x_A,20
1v2x_A,21
1v2x_A,22
1v2x_A,23
1v2x_A,24
1v2x_A,25
1v2x_A,26
1v2x_A,27
1v2x_A,28
1v2x_A,29
1v2x_A,30
1v2x_A,31
1v6z_A,0
1v6z_A,1
1v6z_A,2
1v6z_A,3
1v6z_A,4
1v6z_A,5
1v6z_A,6
1v6z_A,7
1v6z_A,8
1v6z_A,9
1v6z_A,10
1v6z_A,11
1v6z_A,12
1v6z_A,13
1v6z_A,14
1v6z_A,15
1v6z_A,16
1v6z_A,17
1v6z_A,18
1v6z_A,19
1v6z_A,20
1v6z_A,21
1v6z_A,22
1v6z_A,23
1v6z_A,24
1v6z_A,25
1v6z_A,26
1v6z_A,27
1v6z_A,28
1v6z_A,29
1v6z_A,30
1v6z_A,31
1vh0_A,0
1vh0_A,1
1vh0_A,2
1vh0_A,3
1vh0_A,4
1vh0_A,5
1vh0_A,6
1vh0_A,7
1vh0_A,8
1vh0_A,9
1vh0_A,10
1vh0_A,11
1vh0_A,12
1vh0_A,13
1vh0_A,14
1vh0_A,15
1vh0_A,16
1vh0_A,17
1vh0_A,18
1vh0_A,19
1vh0_A,20
1vh0_A,21
1vh0_A,22
1vh0_A,23
1vh0_A,24
1vh0_A,25
1vh0_A,26
1vh0_A,27
1vh0_A,28
1vh0_A,29
1vh0_A,30
1vh0_A,31
1vhk_A,0
1vhk_A,1
1vhk_A,2
1vhk_A,3
1vhk_A,4
1vhk_A,5
1vhk_A,6
1vhk_A,7
1vhk_A,8
1vhk_A,9
1vhk_A,10
1vhk_A,11
1vhk_A,12
1vhk_A,13
1vhk_A,14
1vhk_A,15
1vhk_A,16
1vhk_A,17
1vhk_A,18
1vhk_A,19
1vhk_A,20
1vhk_A,21
1vhk_A,22
1vhk_A,23
1vhk_A,24
1vhk_A,25
1vhk_A,26
1vhk_A,27
1vhk_A,28
1vhk_A,29
1vhk_A,30
1vhk_A,31
1vhy_A,0
1vhy_A,1
1vhy_A,2
1vhy_A,3
1vhy_A,4
1vhy_A,5
1vhy_A,6
1vhy_A,7
1vhy_A,8
1vhy_A,9
1vhy_A,10
1vhy_A,11
1vhy_A,12
1vhy_A,13
1vhy_A,14
1vhy_A,15
1vhy_A,16
1vhy_A,17
1vhy_A,18
1vhy_A,19
1vhy_A,20
1vhy_A,21
1vhy_A,22
1vhy_A,23
1vhy_A,24
1vhy_A,25
1vhy_A,26
1vhy_A,27
1vhy_A,28
1vhy_A,29
1vhy_A,30
1vhy_A,31
1vl4_A,0
1vl4_A,1
1vl4_A,2
1vl4_A,3
1vl4_A,4
1vl4_A,5
1vl4_A,6
1vl4_A,7
1vl4_A,8
1vl4_A,9
1vl4_A,10
1vl4_A,11
1vl4_A,12
1vl4_A,13
1vl4_A,14
1vl4_A,15
1vl4_A,16
1vl4_A,17
1vl4_A,18
1vl4_A,19
1vl4_A,20
1vl4_A,21
1vl4_A,22
1vl4_A,23
1vl4_A,24
1vl4_A,25
1vl4_A,26
1vl4_A,27
1vl4_A,28
1vl4_A,29
1vl4_A,30
1vl4_A,31
1vle_M,0
1vle_M,1
1vle_M,2
1vle_M,3
1vle_M,4
1vle_M,5
1vle_M,6
1vle_M,7
1vle_M,8
1vle_M,9
1vle_M,10
1vle_M,11
1vle_M,12
1vle_M,13
1vle_M,14
1vle_M,15
1vle_M,16
1vle_M,17
1vle_M,18
1vle_M,19
1vle_M,20
1vle_M,21
1vle_M,22
1vle_M,23
1vle_M,24
1vle_M,25
1vle_M,26
1vle_M,27
1vle_M,28
1vle_M,29
1vle_M,30
1vle_M,31
1vlf_M,0
1vlf_M,1
1vlf_M,2
1vlf_M,3
1vlf_M,4
1vlf_M,5
1vlf_M,6
1vlf_M,7
1vlf_M,8
1vlf_M,9
1vlf_M,10
1vlf_M,11
1vlf_M,12
1vlf_M,13
1vlf_M,14
1vlf_M,15
1vlf_M,16
1vlf_M,17
1vlf_M,18
1vlf_M,19
1vlf_M,20
1vlf_M,21
1vlf_M,22
1vlf_M,23
1vlf_M,24
1vlf_M,25
1vlf_M,26
1vlf_M,27
1vlf_M,28
1vlf_M,29
1vlf_M,30
1vlf_M,31
1vpb_A,0
1vpb_A,1
1vpb_A,2
1vpb_A,3
1vpb_A,4
1vpb_A,5
1vpb_A,6
1vpb_A,7
1vpb_A,8
1vpb_A,9
1vpb_A,10
1vpb_A,11
1vpb_A,12
1vpb_A,13
1vpb_A,14
1vpb_A,15
1vpb_A,16
1vpb_A,17
1vpb_A,18
1vpb_A,19
1vpb_A,20
1vpb_A,21
1vpb_A,22
1vpb_A,23
1vpb_A,24
1vpb_A,25
1vpb_A,26
1vpb_A,27
1vpb_A,28
1vpb_A,29
1vpb_A,30
1vpb_A,31
1vtk_A,0
1vtk_A,1
1vtk_A,2
1vtk_A,3
1vtk_A,4
1vtk_A,5
1vtk_A,6
1vtk_A,7
1vtk_A,8
1vtk_A,9
1vtk_A,10
1vtk_A,11
1vtk_A,12
1vtk_A,13
1vtk_A,14
1vtk_A,15
1vtk_A,16
1vtk_A,17
1vtk_A,18
1vtk_A,19
1vtk_A,20
1vtk_A,21
1vtk_A,22
1vtk_A,23
1vtk_A,24
1vtk_A,25
1vtk_A,26
1vtk_A,27
1vtk_A,28
1vtk_A,29
1vtk_A,30
1vtk_A,31
1wog_A,0
1wog_A,1
1wog_A,2
1wog_A,3
1wog_A,4
1wog_A,5
1wog_A,6
1wog_A,7
1wog_A,8
1wog_A,9
1wog_A,10
1wog_A,11
1wog_A,12
1wog_A,13
1wog_A,14
1wog_A,15
1wog_A,16
1wog_A,17
1wog_A,18
1wog_A,19
1wog_A,20
1wog_A,21
1wog_A,22
1wog_A,23
1wog_A,24
1wog_A,25
1wog_A,26
1wog_A,27
1wog_A,28
1wog_A,29
1wog_A,30
1wog_A,31
1woh_A,0
1woh_A,1
1woh_A,2
1woh_A,3
1woh_A,4
1woh_A,5
1woh_A,6
1woh_A,7
1woh_A,8
1woh_A,9
1woh_A,10
1woh_A,11
1woh_A,12
1woh_A,13
1woh_A,14
1woh_A,15
1woh_A,16
1woh_A,17
1woh_A,18
1woh_A,19
1woh_A,20
1woh_A,21
1woh_A,22
1woh_A,23
1woh_A,24
1woh_A,25
1woh_A,26
1woh_A,27
1woh_A,28
1woh_A,29
1woh_A,30
1woh_A,31
1woi_A,0
1woi_A,1
1woi_A,2
1woi_A,3
1woi_A,4
1woi_A,5
1woi_A,6
1woi_A,7
1woi_A,8
1woi_A,9
1woi_A,10
1woi_A,11
1woi_A,12
1woi_A,13
1woi_A,14
1woi_A,15
1woi_A,16
1woi_A,17
1woi_A,18
1woi_A,19
1woi_A,20
1woi_A,21
1woi_A,22
1woi_A,23
1woi_A,24
1woi_A,25
1woi_A,26
1woi_A,27
1woi_A,28
1woi_A,29
1woi_A,30
1woi_A,31
1x7o_A,0
1x7o_A,1
1x7o_A,2
1x7o_A,3
1x7o_A,4
1x7o_A,5
1x7o_A,6
1x7o_A,7
1x7o_A,8
1x7o_A,9
1x7o_A,10
1x7o_A,11
1x7o_A,12
1x7o_A,13
1x7o_A,14
1x7o_A,15
1x7o_A,16
1x7o_A,17
1x7o_A,18
1x7o_A,19
1x7o_A,20
1x7o_A,21
1x7o_A,22
1x7o_A,23
1x7o_A,24
1x7o_A,25
1x7o_A,26
1x7o_A,27
1x7o_A,28
1x7o_A,29
1x7o_A,30
1x7o_A,31
1x7p_A,0
1x7p_A,1
1x7p_A,2
1x7p_A,3
1x7p_A,4
1x7p_A,5
1x7p_A,6
1x7p_A,7
1x7p_A,8
1x7p_A,9
1x7p_A,10
1x7p_A,11
1x7p_A,12
1x7p_A,13
1x7p_A,14
1x7p_A,15
1x7p_A,16
1x7p_A,17
1x7p_A,18
1x7p_A,19
1x7p_A,20
1x7p_A,21
1x7p_A,22
1x7p_A,23
1x7p_A,24
1x7p_A,25
1x7p_A,26
1x7p_A,27
1x7p_A,28
1x7p_A,29
1x7p_A,30
1x7p_A,31
1xd3_A,0
1xd3_A,1
1xd3_A,2
1xd3_A,3
1xd3_A,4
1xd3_A,5
1xd3_A,6
1xd3_A,7
1xd3_A,8
1xd3_A,9
1xd3_A,10
1xd3_A,11
1xd3_A,12
1xd3_A,13
1xd3_A,14
1xd3_A,15
1xd3_A,16
1xd3_A,17
1xd3_A,18
1xd3_A,19
1xd3_A,20
1xd3_A,21
1xd3_A,22
1xd3_A,23
1xd3_A,24
1xd3_A,25
1xd3_A,26
1xd3_A,27
1xd3_A,28
1xd3_A,29
1xd3_A,30
1xd3_A,31
1xfh_A,0
1xfh_A,1
1xfh_A,2
1xfh_A,3
1xfh_A,4
1xfh_A,5
1xfh_A,6
1xfh_A,7
1xfh_A,8
1xfh_A,9
1xfh_A,10
1xfh_A,11
1xfh_A,12
1xfh_A,13
1xfh_A,14
1xfh_A,15
1xfh_A,16
1xfh_A,17
1xfh_A,18
1xfh_A,19
1xfh_A,20
1xfh_A,21
1xfh_A,22
1xfh_A,23
1xfh_A,24
1xfh_A,25
1xfh_A,26
1xfh_A,27
1xfh_A,28
1xfh_A,29
1xfh_A,30
1xfh_A,31
1xjd_A,0
1xjd_A,1
1xjd_A,2
1xjd_A,3
1xjd_A,4
1xjd_A,5
1xjd_A,6
1xjd_A,7
1xjd_A,8
1xjd_A,9
1xjd_A,10
1xjd_A,11
1xjd_A,12
1xjd_A,13
1xjd_A,14
1xjd_A,15
1xjd_A,16
1xjd_A,17
1xjd_A,18
1xjd_A,19
1xjd_A,20
1xjd_A,21
1xjd_A,22
1xjd_A,23
1xjd_A,24
1xjd_A,25
1xjd_A,26
1xjd_A,27
1xjd_A,28
1xjd_A,29
1xjd_A,30
1xjd_A,31
1xra_A,0
1xra_A,1
1xra_A,2
1xra_A,3
1xra_A,4
1xra_A,5
1xra_A,6
1xra_A,7
1xra_A,8
1xra_A,9
1xra_A,10
1xra_A,11
1xra_A,12
1xra_A,13
1xra_A,14
1xra_A,15
1xra_A,16
1xra_A,17
1xra_A,18
1xra_A,19
1xra_A,20
1xra_A,21
1xra_A,22
1xra_A,23
1xra_A,24
1xra_A,25
1xra_A,26
1xra_A,27
1xra_A,28
1xra_A,29
1xra_A,30
1xra_A,31
1xrb_A,0
1xrb_A,1
1xrb_A,2
1xrb_A,3
1xrb_A,4
1xrb_A,5
1xrb_A,6
1xrb_A,7
1xrb_A,8
1xrb_A,9
1xrb_A,10
1xrb_A,11
1xrb_A,12
1xrb_A,13
1xrb_A,14
1xrb_A,15
1xrb_A,16
1xrb_A,17
1xrb_A,18
1xrb_A,19
1xrb_A,20
1xrb_A,21
1xrb_A,22
1xrb_A,23
1xrb_A,24
1xrb_A,25
1xrb_A,26
1xrb_A,27
1xrb_A,28
1xrb_A,29
1xrb_A,30
1xrb_A,31
1xrc_A,0
1xrc_A,1
1xrc_A,2
1xrc_A,3
1xrc_A,4
1xrc_A,5
1xrc_A,6
1xrc_A,7
1xrc_A,8
1xrc_A,9
1xrc_A,10
1xrc_A,11
1xrc_A,12
1xrc_A,13
1xrc_A,14
1xrc_A,15
1xrc_A,16
1xrc_A,17
1xrc_A,18
1xrc_A,19
1xrc_A,20
1xrc_A,21
1xrc_A,22
1xrc_A,23
1xrc_A,24
1xrc_A,25
1xrc_A,26
1xrc_A,27
1xrc_A,28
1xrc_A,29
1xrc_A,30
1xrc_A,31
1y6v_A,0
1y6v_A,1
1y6v_A,2
1y6v_A,3
1y6v_A,4
1y6v_A,5
1y6v_A,6
1y6v_A,7
1y6v_A,8
1y6v_A,9
1y6v_A,10
1y6v_A,11
1y6v_A,12
1y6v_A,13
1y6v_A,14
1y6v_A,15
1y6v_A,16
1y6v_A,17
1y6v_A,18
1y6v_A,19
1y6v_A,20
1y6v_A,21
1y6v_A,22
1y6v_A,23
1y6v_A,24
1y6v_A,25
1y6v_A,26
1y6v_A,27
1y6v_A,28
1y6v_A,29
1y6v_A,30
1y6v_A,31
1y7a_A,0
1y7a_A,1
1y7a_A,2
1y7a_A,3
1y7a_A,4
1y7a_A,5
1y7a_A,6
1y7a_A,7
1y7a_A,8
1y7a_A,9
1y7a_A,10
1y7a_A,11
1y7a_A,12
1y7a_A,13
1y7a_A,14
1y7a_A,15
1y7a_A,16
1y7a_A,17
1y7a_A,18
1y7a_A,19
1y7a_A,20
1y7a_A,21
1y7a_A,22
1y7a_A,23
1y7a_A,24
1y7a_A,25
1y7a_A,26
1y7a_A,27
1y7a_A,28
1y7a_A,29
1y7a_A,30
1y7a_A,31
1y7w_A,0
1y7w_A,1
1y7w_A,2
1y7w_A,3
1y7w_A,4
1y7w_A,5
1y7w_A,6
1y7w_A,7
1y7w_A,8
1y7w_A,9
1y7w_A,10
1y7w_A,11
1y7w_A,12
1y7w_A,13
1y7w_A,14
1y7w_A,15
1y7w_A,16
1y7w_A,17
1y7w_A,18
1y7w_A,19
1y7w_A,20
1y7w_A,21
1y7w_A,22
1y7w_A,23
1y7w_A,24
1y7w_A,25
1y7w_A,26
1y7w_A,27
1y7w_A,28
1y7w_A,29
1y7w_A,30
1y7w_A,31
1yh1_A,0
1yh1_A,1
1yh1_A,2
1yh1_A,3
1yh1_A,4
1yh1_A,5
1yh1_A,6
1yh1_A,7
1yh1_A,8
1yh1_A,9
1yh1_A,10
1yh1_A,11
1yh1_A,12
1yh1_A,13
1yh1_A,14
1yh1_A,15
1yh1_A,16
1yh1_A,17
1yh1_A,18
1yh1_A,19
1yh1_A,20
1yh1_A,21
1yh1_A,22
1yh1_A,23
1yh1_A,24
1yh1_A,25
1yh1_A,26
1yh1_A,27
1yh1_A,28
1yh1_A,29
1yh1_A,30
1yh1_A,31
1yrl_A,0
1yrl_A,1
1yrl_A,2
1yrl_A,3
1yrl_A,4
1yrl_A,5
1yrl_A,6
1yrl_A,7
1yrl_A,8
1yrl_A,9
1yrl_A,10
1yrl_A,11
1yrl_A,12
1yrl_A,13
1yrl_A,14
1yrl_A,15
1yrl_A,16
1yrl_A,17
1yrl_A,18
1yrl_A,19
1yrl_A,20
1yrl_A,21
1yrl_A,22
1yrl_A,23
1yrl_A,24
1yrl_A,25
1yrl_A,26
1yrl_A,27
1yrl_A,28
1yrl_A,29
1yrl_A,30
1yrl_A,31
1z8g_A,0
1z8g_A,1
1z8g_A,2
1z8g_A,3
1z8g_A,4
1z8g_A,5
1z8g_A,6
1z8g_A,7
1z8g_A,8
1z8g_A,9
1z8g_A,10
1z8g_A,11
1z8g_A,12
1z8g_A,13
1z8g_A,14
1z8g_A,15
1z8g_A,16
1z8g_A,17
1z8g_A,18
1z8g_A,19
1z8g_A,20
1z8g_A,21
1z8g_A,22
1z8g_A,23
1z8g_A,24
1z8g_A,25
1z8g_A,26
1z8g_A,27
1z8g_A,28
1z8g_A,29
1z8g_A,30
1z8g_A,31
1zeb_A,0
1zeb_A,1
1zeb_A,2
1zeb_A,3
1zeb_A,4
1zeb_A,5
1zeb_A,6
1zeb_A,7
1zeb_A,8
1zeb_A,9
1zeb_A,10
1zeb_A,11
1zeb_A,12
1zeb_A,13
1zeb_A,14
1zeb_A,15
1zeb_A,16
1zeb_A,17
1zeb_A,18
1zeb_A,19
1zeb_A,20
1zeb_A,21
1zeb_A,22
1zeb_A,23
1zeb_A,24
1zeb_A,25
1zeb_A,26
1zeb_A,27
1zeb_A,28
1zeb_A,29
1zeb_A,30
1zeb_A,31
1zed_A,0
1zed_A,1
1zed_A,2
1zed_A,3
1zed_A,4
1zed_A,5
1zed_A,6
1zed_A,7
1zed_A,8
1zed_A,9
1zed_A,10
1zed_A,11
1zed_A,12
1zed_A,13
1zed_A,14
1zed_A,15
1zed_A,16
1zed_A,17
1zed_A,18
1zed_A,19
1zed_A,20
1zed_A,21
1zed_A,22
1zed_A,23
1zed_A,24
1zed_A,25
1zed_A,26
1zed_A,27
1zed_A,28
1zed_A,29
1zed_A,30
1zed_A,31
1zef_A,0
1zef_A,1
1zef_A,2
1zef_A,3
1zef_A,4
1zef_A,5
1zef_A,6
1zef_A,7
1zef_A,8
1zef_A,9
1zef_A,10
1zef_A,11
1zef_A,12
1zef_A,13
1zef_A,14
1zef_A,15
1zef_A,16
1zef_A,17
1zef_A,18
1zef_A,19
1zef_A,20
1zef_A,21
1zef_A,22
1zef_A,23
1zef_A,24
1zef_A,25
1zef_A,26
1zef_A,27
1zef_A,28
1zef_A,29
1zef_A,30
1zef_A,31
1zjr_A,0
1zjr_A,1
1zjr_A,2
1zjr_A,3
1zjr_A,4
1zjr_A,5
1zjr_A,6
1zjr_A,7
1zjr_A,8
1zjr_A,9
1zjr_A,10
1zjr_A,11
1zjr_A,12
1zjr_A,13
1zjr_A,14
1zjr_A,15
1zjr_A,16
1zjr_A,17
1zjr_A,18
1zjr_A,19
1zjr_A,20
1zjr_A,21
1zjr_A,22
1zjr_A,23
1zjr_A,24
1zjr_A,25
1zjr_A,26
1zjr_A,27
1zjr_A,28
1zjr_A,29
1zjr_A,30
1zjr_A,31
1znc_A,0
1znc_A,1
1znc_A,2
1znc_A,3
1znc_A,4
1znc_A,5
1znc_A,6
1znc_A,7
1znc_A,8
1znc_A,9
1znc_A,10
1znc_A,11
1znc_A,12
1znc_A,13
1znc_A,14
1znc_A,15
1znc_A,16
1znc_A,17
1znc_A,18
1znc_A,19
1znc_A,20
1znc_A,21
1znc_A,22
1znc_A,23
1znc_A,24
1znc_A,25
1znc_A,26
1znc_A,27
1znc_A,28
1znc_A,29
1znc_A,30
1znc_A,31
1zsa_A,0
1zsa_A,1
1zsa_A,2
1zsa_A,3
1zsa_A,4
1zsa_A,5
1zsa_A,6
1zsa_A,7
1zsa_A,8
1zsa_A,9
1zsa_A,10
1zsa_A,11
1zsa_A,12
1zsa_A,13
1zsa_A,14
1zsa_A,15
1zsa_A,16
1zsa_A,17
1zsa_A,18
1zsa_A,19
1zsa_A,20
1zsa_A,21
1zsa_A,22
1zsa_A,23
1zsa_A,24
1zsa_A,25
1zsa_A,26
1zsa_A,27
1zsa_A,28
1zsa_A,29
1zsa_A,30
1zsa_A,31
1ztu_A,0
1ztu_A,1
1ztu_A,2
1ztu_A,3
1ztu_A,4
1ztu_A,5
1ztu_A,6
1ztu_A,7
1ztu_A,8
1ztu_A,9
1ztu_A,10
1ztu_A,11
1ztu_A,12
1ztu_A,13
1ztu_A,14
1ztu_A,15
1ztu_A,16
1ztu_A,17
1ztu_A,18
1ztu_A,19
1ztu_A,20
1ztu_A,21
1ztu_A,22
1ztu_A,23
1ztu_A,24
1ztu_A,25
1ztu_A,26
1ztu_A,27
1ztu_A,28
1ztu_A,29
1ztu_A,30
1ztu_A,31
2a65_A,0
2a65_A,1
2a65_A,2
2a65_A,3
2a65_A,4
2a65_A,5
2a65_A,6
2a65_A,7
2a65_A,8
2a65_A,9
2a65_A,10
2a65_A,11
2a65_A,12
2a65_A,13
2a65_A,14
2a65_A,15
2a65_A,16
2a65_A,17
2a65_A,18
2a65_A,19
2a65_A,20
2a65_A,21
2a65_A,22
2a65_A,23
2a65_A,24
2a65_A,25
2a65_A,26
2a65_A,27
2a65_A,28
2a65_A,29
2a65_A,30
2a65_A,31
2anh_A,0
2anh_A,1
2anh_A,2
2anh_A,3
2anh_A,4
2anh_A,5
2anh_A,6
2anh_A,7
2anh_A,8
2anh_A,9
2anh_A,10
2anh_A,11
2anh_A,12
2anh_A,13
2anh_A,14
2anh_A,15
2anh_A,16
2anh_A,17
2anh_A,18
2anh_A,19
2anh_A,20
2anh_A,21
2anh_A,22
2anh_A,23
2anh_A,24
2anh_A,25
2anh_A,26
2anh_A,27
2anh_A,28
2anh_A,29
2anh_A,30
2anh_A,31
2axc_A,0
2axc_A,1
2axc_A,2
2axc_A,3
2axc_A,4
2axc_A,5
2axc_A,6
2axc_A,7
2axc_A,8
2axc_A,9
2axc_A,10
2axc_A,11
2axc_A,12
2axc_A,13
2axc_A,14
2axc_A,15
2axc_A,16
2axc_A,17
2axc_A,18
2axc_A,19
2axc_A,20
2axc_A,21
2axc_A,22
2axc_A,23
2axc_A,24
2axc_A,25
2axc_A,26
2axc_A,27
2axc_A,28
2axc_A,29
2axc_A,30
2axc_A,31
2b5u_A,0
2b5u_A,1
2b5u_A,2
2b5u_A,3
2b5u_A,4
2b5u_A,5
2b5u_A,6
2b5u_A,7
2b5u_A,8
2b5u_A,9
2b5u_A,10
2b5u_A,11
2b5u_A,12
2b5u_A,13
2b5u_A,14
2b5u_A,15
2b5u_A,16
2b5u_A,17
2b5u_A,18
2b5u_A,19
2b5u_A,20
2b5u_A,21
2b5u_A,22
2b5u_A,23
2b5u_A,24
2b5u_A,25
2b5u_A,26
2b5u_A,27
2b5u_A,28
2b5u_A,29
2b5u_A,30
2b5u_A,31
2b9b_A,0
2b9b_A,1
2b9b_A,2
2b9b_A,3
2b9b_A,4
2b9b_A,5
2b9b_A,6
2b9b_A,7
2b9b_A,8
2b9b_A,9
2b9b_A,10
2b9b_A,11
2b9b_A,12
2b9b_A,13
2b9b_A,14
2b9b_A,15
2b9b_A,16
2b9b_A,17
2b9b_A,18
2b9b_A,19
2b9b_A,20
2b9b_A,21
2b9b_A,22
2b9b_A,23
2b9b_A,24
2b9b_A,25
2b9b_A,26
2b9b_A,27
2b9b_A,28
2b9b_A,29
2b9b_A,30
2b9b_A,31
2cbe_A,0
2cbe_A,1
2cbe_A,2
2cbe_A,3
2cbe_A,4
2cbe_A,5
2cbe_A,6
2cbe_A,7
2cbe_A,8
2cbe_A,9
2cbe_A,10
2cbe_A,11
2cbe_A,12
2cbe_A,13
2cbe_A,14
2cbe_A,15
2cbe_A,16
2cbe_A,17
2cbe_A,18
2cbe_A,19
2cbe_A,20
2cbe_A,21
2cbe_A,22
2cbe_A,23
2cbe_A,24
2cbe_A,25
2cbe_A,26
2cbe_A,27
2cbe_A,28
2cbe_A,29
2cbe_A,30
2cbe_A,31
2cfa_B,0
2cfa_B,1
2cfa_B,2
2cfa_B,3
2cfa_B,4
2cfa_B,5
2cfa_B,6
2cfa_B,7
2cfa_B,8
2cfa_B,9
2cfa_B,10
2cfa_B,11
2cfa_B,12
2cfa_B,13
2cfa_B,14
2cfa_B,15
2cfa_B,16
2cfa_B,17
2cfa_B,18
2cfa_B,19
2cfa_B,20
2cfa_B,21
2cfa_B,22
2cfa_B,23
2cfa_B,24
2cfa_B,25
2cfa_B,26
2cfa_B,27
2cfa_B,28
2cfa_B,29
2cfa_B,30
2cfa_B,31
2cx8_A,0
2cx8_A,1
2cx8_A,2
2cx8_A,3
2cx8_A,4
2cx8_A,5
2cx8_A,6
2cx8_A,7
2cx8_A,8
2cx8_A,9
2cx8_A,10
2cx8_A,11
2cx8_A,12
2cx8_A,13
2cx8_A,14
2cx8_A,15
2cx8_A,16
2cx8_A,17
2cx8_A,18
2cx8_A,19
2cx8_A,20
2cx8_A,21
2cx8_A,22
2cx8_A,23
2cx8_A,24
2cx8_A,25
2cx8_A,26
2cx8_A,27
2cx8_A,28
2cx8_A,29
2cx8_A,30
2cx8_A,31
2d1g_A,0
2d1g_A,1
2d1g_A,2
2d1g_A,3
2d1g_A,4
2d1g_A,5
2d1g_A,6
2d1g_A,7
2d1g_A,8
2d1g_A,9
2d1g_A,10
2d1g_A,11
2d1g_A,12
2d1g_A,13
2d1g_A,14
2d1g_A,15
2d1g_A,16
2d1g_A,17
2d1g_A,18
2d1g_A,19
2d1g_A,20
2d1g_A,21
2d1g_A,22
2d1g_A,23
2d1g_A,24
2d1g_A,25
2d1g_A,26
2d1g_A,27
2d1g_A,28
2d1g_A,29
2d1g_A,30
2d1g_A,31
2efv_A,0
2efv_A,1
2efv_A,2
2efv_A,3
2efv_A,4
2efv_A,5
2efv_A,6
2efv_A,7
2efv_A,8
2efv_A,9
2efv_A,10
2efv_A,11
2efv_A,12
2efv_A,13
2efv_A,14
2efv_A,15
2efv_A,16
2efv_A,17
2efv_A,18
2efv_A,19
2efv_A,20
2efv_A,21
2efv_A,22
2efv_A,23
2efv_A,24
2efv_A,25
2efv_A,26
2efv_A,27
2efv_A,28
2efv_A,29
2efv_A,30
2efv_A,31
2egv_A,0
2egv_A,1
2egv_A,2
2egv_A,3
2egv_A,4
2egv_A,5
2egv_A,6
2egv_A,7
2egv_A,8
2egv_A,9
2egv_A,10
2egv_A,11
2egv_A,12
2egv_A,13
2egv_A,14
2egv_A,15
2egv_A,16
2egv_A,17
2egv_A,18
2egv_A,19
2egv_A,20
2egv_A,21
2egv_A,22
2egv_A,23
2egv_A,24
2egv_A,25
2egv_A,26
2egv_A,27
2egv_A,28
2egv_A,29
2egv_A,30
2egv_A,31
2egw_A,0
2egw_A,1
2egw_A,2
2egw_A,3
2egw_A,4
2egw_A,5
2egw_A,6
2egw_A,7
2egw_A,8
2egw_A,9
2egw_A,10
2egw_A,11
2egw_A,12
2egw_A,13
2egw_A,14
2egw_A,15
2egw_A,16
2egw_A,17
2egw_A,18
2egw_A,19
2egw_A,20
2egw_A,21
2egw_A,22
2egw_A,23
2egw_A,24
2egw_A,25
2egw_A,26
2egw_A,27
2egw_A,28
2egw_A,29
2egw_A,30
2egw_A,31
2etl_A,0
2etl_A,1
2etl_A,2
2etl_A,3
2etl_A,4
2etl_A,5
2etl_A,6
2etl_A,7
2etl_A,8
2etl_A,9
2etl_A,10
2etl_A,11
2etl_A,12
2etl_A,13
2etl_A,14
2etl_A,15
2etl_A,16
2etl_A,17
2etl_A,18
2etl_A,19
2etl_A,20
2etl_A,21
2etl_A,22
2etl_A,23
2etl_A,24
2etl_A,25
2etl_A,26
2etl_A,27
2etl_A,28
2etl_A,29
2etl_A,30
2etl_A,31
2fg6_C,0
2fg6_C,1
2fg6_C,2
2fg6_C,3
2fg6_C,4
2fg6_C,5
2fg6_C,6
2fg6_C,7
2fg6_C,8
2fg6_C,9
2fg6_C,10
2fg6_C,11
2fg6_C,12
2fg6_C,13
2fg6_C,14
2fg6_C,15
2fg6_C,16
2fg6_C,17
2fg6_C,18
2fg6_C,19
2fg6_C,20
2fg6_C,21
2fg6_C,22
2fg6_C,23
2fg6_C,24
2fg6_C,25
2fg6_C,26
2fg6_C,27
2fg6_C,28
2fg6_C,29
2fg6_C,30
2fg6_C,31
2fg7_C,0
2fg7_C,1
2fg7_C,2
2fg7_C,3
2fg7_C,4
2fg7_C,5
2fg7_C,6
2fg7_C,7
2fg7_C,8
2fg7_C,9
2fg7_C,10
2fg7_C,11
2fg7_C,12
2fg7_C,13
2fg7_C,14
2fg7_C,15
2fg7_C,16
2fg7_C,17
2fg7_C,18
2fg7_C,19
2fg7_C,20
2fg7_C,21
2fg7_C,22
2fg7_C,23
2fg7_C,24
2fg7_C,25
2fg7_C,26
2fg7_C,27
2fg7_C,28
2fg7_C,29
2fg7_C,30
2fg7_C,31
2g7m_C,0
2g7m_C,1
2g7m_C,2
2g7m_C,3
2g7m_C,4
2g7m_C,5
2g7m_C,6
2g7m_C,7
2g7m_C,8
2g7m_C,9
2g7m_C,10
2g7m_C,11
2g7m_C,12
2g7m_C,13
2g7m_C,14
2g7m_C,15
2g7m_C,16
2g7m_C,17
2g7m_C,18
2g7m_C,19
2g7m_C,20
2g7m_C,21
2g7m_C,22
2g7m_C,23
2g7m_C,24
2g7m_C,25
2g7m_C,26
2g7m_C,27
2g7m_C,28
2g7m_C,29
2g7m_C,30
2g7m_C,31
2g9y_A,0
2g9y_A,1
2g9y_A,2
2g9y_A,3
2g9y_A,4
2g9y_A,5
2g9y_A,6
2g9y_A,7
2g9y_A,8
2g9y_A,9
2g9y_A,10
2g9y_A,11
2g9y_A,12
2g9y_A,13
2g9y_A,14
2g9y_A,15
2g9y_A,16
2g9y_A,17
2g9y_A,18
2g9y_A,19
2g9y_A,20
2g9y_A,21
2g9y_A,22
2g9y_A,23
2g9y_A,24
2g9y_A,25
2g9y_A,26
2g9y_A,27
2g9y_A,28
2g9y_A,29
2g9y_A,30
2g9y_A,31
2ga3_A,0
2ga3_A,1
2ga3_A,2
2ga3_A,3
2ga3_A,4
2ga3_A,5
2ga3_A,6
2ga3_A,7
2ga3_A,8
2ga3_A,9
2ga3_A,10
2ga3_A,11
2ga3_A,12
2ga3_A,13
2ga3_A,14
2ga3_A,15
2ga3_A,16
2ga3_A,17
2ga3_A,18
2ga3_A,19
2ga3_A,20
2ga3_A,21
2ga3_A,22
2ga3_A,23
2ga3_A,24
2ga3_A,25
2ga3_A,26
2ga3_A,27
2ga3_A,28
2ga3_A,29
2ga3_A,30
2ga3_A,31
2glq_A,0
2glq_A,1
2glq_A,2
2glq_A,3
2glq_A,4
2glq_A,5
2glq_A,6
2glq_A,7
2glq_A,8
2glq_A,9
2glq_A,10
2glq_A,11
2glq_A,12
2glq_A,13
2glq_A,14
2glq_A,15
2glq_A,16
2glq_A,17
2glq_A,18
2glq_A,19
2glq_A,20
2glq_A,21
2glq_A,22
2glq_A,23
2glq_A,24
2glq_A,25
2glq_A,26
2glq_A,27
2glq_A,28
2glq_A,29
2glq_A,30
2glq_A,31
2gsn_A,0
2gsn_A,1
2gsn_A,2
2gsn_A,3
2gsn_A,4
2gsn_A,5
2gsn_A,6
2gsn_A,7
2gsn_A,8
2gsn_A,9
2gsn_A,10
2gsn_A,11
2gsn_A,12
2gsn_A,13
2gsn_A,14
2gsn_A,15
2gsn_A,16
2gsn_A,17
2gsn_A,18
2gsn_A,19
2gsn_A,20
2gsn_A,21
2gsn_A,22
2gsn_A,23
2gsn_A,24
2gsn_A,25
2gsn_A,26
2gsn_A,27
2gsn_A,28
2gsn_A,29
2gsn_A,30
2gsn_A,31
2gso_A,0
2gso_A,1
2gso_A,2
2gso_A,3
2gso_A,4
2gso_A,5
2gso_A,6
2gso_A,7
2gso_A,8
2gso_A,9
2gso_A,10
2gso_A,11
2gso_A,12
2gso_A,13
2gso_A,14
2gso_A,15
2gso_A,16
2gso_A,17
2gso_A,18
2gso_A,19
2gso_A,20
2gso_A,21
2gso_A,22
2gso_A,23
2gso_A,24
2gso_A,25
2gso_A,26
2gso_A,27
2gso_A,28
2gso_A,29
2gso_A,30
2gso_A,31
